{
    "A SURMISE (A CONJECTURE – SUSPICION) (TO ASSUME ON SMALL EVIDENCE)": " Conjectura / Suposição ",
    "A.C.L.S": "Advanced Cardiovascular Life Support",
    "A.E.D": "Automated External Defibrillator",
    "A.S.A.P. (AS SOON AS POSSIBLE)": "O mais rapidamente possível",
    "A.V.C. (ABERRANT VENTRICULAR CONDUCTION)": "Não significa Acidente Vascular Cerebral, um AVC em inglês é um “stroke”",
    "ABDOMINAL FEVER / TYPHOID FEVER": "Febre tifoide",
    "ABSENT–MINDED": "Distraído / Desatento",
    "ACCEPTANCE": "Novos pacientes / Aco-lhimento",
    "ACCRUING": "Vir de maneira natural /  Incre mentado de maneira natural / Devido a / Proveniente de ",
    "ACHE": "Termo para designar casos particulares de dor (dor contínua, que não passa, mas não é severa) /  Dor localizadac ex.: stomachache, headache ",
    "ACHIEVEMENT": " Realiza ção / Conquis-tas / Feitos",
    "ADDICT": "Viciado (tóxicos)",
    "ADHESIVE TAPE": " Esparadrapo",
    "AFFERENT": "Aferente ",
    "AFFORD (TO)": " Dar–se ao luxo de / Ter recursos para",
    "AGE STRATA": " Faixas etárias",
    "AILMENT": " Uma desordem física ou mental, especialmente uma doença leve",
    "AIRBORNE": " Transportado via aérea / Que se pega pelo ar",
    "AKIN": "Consanguíneo / Aparentado",
    "AMBULATORY": " Passeio, galeria, cor-redor, ambulatorial, refere–se a paciente  que pode caminhar/andar",
    "ANAESTHETIZE (TO)": "Anestesiar ",
    "ANCILLARY": "Subserviente / Subsidiá-rio / Auxiliar / Subordinado",
    "ANECDOTAL": " Pertencendo a / Caracteri-zado por ou repleto de histórias ou casos",
    "ANECDOTE": " Casos não publicados / não divulgados / Segredos ou particu-laridades da história ou biografia ",
    "ANESTHETIST": " Anestesista (tomar cuidado, o final não é “sist.”); é igual a cientist",
    "ANKLES": "Tornozelos",
    "ANTIDEPRESSANT DRUGS": "Medica-mentos antidepressivos / Para pessoas usa–se o termo “depressive”",
    "ANXIETY": "Ansiedade",
    "AORTIC KNOB": " Botão ou arco aór-tico / “knob” em conversação signi-fica maçaneta ",
    "APPOINTMENT": "Consulta médica com hora marcada (Na conversação, é um compromisso marcado)",
    "APPROACH": "Abordagem / Uma aproxi-mação / Aproximar–se de",
    "ARMORED": "Blindado",
    "ASCERTAIN": "Verificar / Averiguar / Deter-minar / Avaliar ",
    "ASSAY": " Ensaio químico em laboratório",
    "ASSESSMENT": "Avaliação",
    "ASTONISHING": "Espantoso / Surpreen-dente / Assombroso / Admirável",
    "AT RISK / HIGH RISK / OPTIMAL RISK": "Correndo risco / Alto risco / Risco normal ou possível",
    "ATHLETES’ FOOT": "Frieira ",
    "B AND B (BED AND BREAKFAST)": "Pensão, cama e café da manhã",
    "B.L.S": "Basic Life Support ",
    "B.P. Dipping": " Descenso Fisiológico da Pressão Arterial Durante o Sono ",
    "BACKDROP": "Tela de fundo / Uma mon-tagem como de um evento histórico",
    "BAFFLE": "Obstrução / Obstáculo",
    "BANK BLOOD": "Sangue estocado",
    "BARELY": " Simplesmente / Escassamente / Apenas / Somente / Quase nada",
    "BARREL–SHAPED CHEST": "Peito em forma de barril",
    "BELCHING / BELCH (TO)": "Arrotar / Arroto",
    "BELLOWS": "É um fole, mas pode ser tam bém um modo figurativo de pulmões ",
    "BEND YOUR KNEES (TO)": "Dobrar seus joelhos",
    "BESTOW (TO)": " Conferir (dar) / Agra-ciar (conceder)",
    "BIAS": " Um corte ou uma costura oblí-qua à textura do tecido / Inclinação / Imparcialidade / Justo. Na medicina: uma parcialidade ",
    "BLADDER": " Bexiga / Bolsa de manguito",
    "BIOVARS": " Biótipos",
    "BLOOD BANK": " Banco de sangue",
    "BLOOD–BORNE": " Transmissão via san-guínea",
    "BLOODLETTING": "Sangria",
    "BOOSTER DOSE": " Dose de reforço",
    "BOWEL MOVEMENTS": "Evacuar / Fazer funcionar o intestino",
    "BRAID": " like lesion – Lesão parecida ou similar a uma trança de cabelo / Uma lesão trançada",
    "BRAND NEW": "Novo em folha (algo que nunca foi usado antes)",
    "BREAKDOWN": "Quebrar / Arriar / Esgo-tamento nervoso / Colapso / “a nervous breakdown”",
    "BREAKOUT": "Epidemia / Surto",
    "BREASTBONE": " Esterno (osso)",
    "BREATH": "Fôlego / “bad breath” – mau hálito",
    "BREATH MANEUVER": " Manobra de segu-rar ou prender o fôlego",
    "BREATHE (TO)": " Respirar",
    "BREATHING": "Respiração / Verbo “to breathe”/ Respirar",
    "BREATHLESS": " Sem fôlego / Esbafo-rido / Ofegante / Sem vida",
    "BRICK AND MORTAR": "Tijolo e argamassa",
    "BROADER POPULATION": " Uma popu-lação mais ampla / Um número maior",
    "BROADLY / BROAD / BROADER": " Ampla-mente / Amplo / Mais amplo",
    "BRUISE": " Contusão",
    "BUDGET": " Orçamento / Provisão / Estoque",
    "BUFF": "Coágulo, crosta que se forma sobre sangue coagulado",
    "BUFFERED": " Tamponado / Amortecido",
    "BURDEN": " Fardo / Uma carga pesada /  Um peso opressivo / Um problema / Em música é o refrão (fio da meada)",
    "BYSTANDER": " Circunstante / Curioso / Espectador",
    "C.A.F.E.": " Conduit / Artery / Function / Evaluation",
    "C.P.R.": " Cardiopulmonary Resuscitation ",
    "CALF": "Panturrilha",
    "CAP RUPTURE": "Ruptura de Cápsula Fibrosa",
    "CAPSULES/PILLS/TABLETS": " Cápsu-las / Pílulas (geralmente revestidas) /  Comprimidos (que podem ser divi-didos em duas ou quatro partes)",
    "CARDIAC STANDSTILL / CARDIAC ARREST": "Parada cardíaca",
    "CAVEAT": "Aviso / Advertência / Coisas importantes / Um alerta / Precaução",
    "CENTRAL SYMPATHETIC DRIVE": " Impulso Simpático Central",
    "CHAIN EFFECT": "Efeito em cadeia / Efeito dominó",
    "CHAIN SMOKER": " Fumante que acende um cigarro no outro",
    "CHELATION": " Quelação",
    "CHIN": "Queixo",
    "CHOKES": " Engasgos / “To chocke”– Engasgar / Afogar",
    "CLAIM": "Reivindicar / Alegar / Requerer",
    "CLAUDICATION (CLAUDICANT LIMB)": "Claudicação",
    "CLEFT": " Fissura / Fresa / Partido ou dividido / Separado",
    "CLIMACTERIC": "Climatério",
    "CLOTTING TIME": " Tempo de coagulação ",
    "CLOUDY URINE": "Urina turva ",
    "CLUE": " Pista para diagnóstico ",
    "CLUSTER": " Um número de objetivos iguais agrupados ou que crescem juntos /  Feixe / Molho / Cacho / Congérie ",
    "COAL": "Carvão",
    "COATED": " Revestido / Coberto com uma camada ou demão / Recoberto",
    "COATING": "Revestimento",
    "COIL": "Espiral / Bobina / Serpentina / Rosca",
    "COIL–TIPPED CATHETER": " Cateter de ponta espiral",
    "COMPLAIN (TO)": " Queixar–se / Lamen-tar–se / Reclamar",
    "COMPREHENSIVE": " Abrangente / Exten-sivo / Que engloba ",
    "CONCEAL (TO)": "Esconder / Manter em segredo / Ocultar / Encobrir",
    "CONCEIVABLE": "Concebível / Concep-tível / Imaginável / Compreensível",
    "CONFERENCE": " Reunião para troca de ideias",
    "CONSTIPATION": "Inatividade das fezes / Prisão de ventre / Não é um congestio-namento nasal (resfriado é “cold”)",
    "CONSTRAINT": " Constrangimento / Res-trição / Coação / Coerção / Repressão",
    "CONUNDRUMS": "Metáfora / Enigma / Quebra-cabeças",
    "CONVERSELY": "Inversamente / De ma-neira contrária / De modo oposto",
    "CONVEY": " Carregar / Transportar / Transmitir / Comunicar / Transferir propriedade",
    "COPE WITH (TO)": " Lidar com ",
    "CORNERSTONE": " Pedra angular",
    "CORONARY CUSP": " Cúspide corona-riana / Folheto / Válvula",
    "CORPSE": "Cadáver",
    "COUNTENANCE": " Fisionomia / Expres-são facial / Semblante / Feições / Com-postura",
    "COUNTER REGULATORY": " Contrarregu-latório",
    "COUNTERCLOCKWISE": " À esquerda / Ao contrário dos ponteiros do relógio / Sentido anti-horário",
    "COUNTERSHOCK": " Cardioversão",
    "COUNTERVAIL (TO)": " Contrapor / Contra-balançar / Equivaler",
    "CRAMPS": "Contrações doloridas / Câimbras",
    "CRIPPLED": "Aleijado",
    "CROSSOVER GROUP": " Grupo de Cruza-mento",
    "CUFF (CUFFED HYPERTENSION) (AORTIC CUFF = BALÃO)": "Dar um tapa com as mãos abertas / Punho de camisa / Parte do tecido que vai ao redor do braço num esfigmomanômetro (manguito)",
    "CULPRIT": " Réu / Culpado / Acusado / Criminoso",
    "CULTURE MEDIA": " Meios de cultura",
    "CURRENTLY": "Vigente / Em andamento / Correntemente",
    "CUTOFF VALUE": " Valor de corte",
    "CUTTING EDGE TECHNOLOGY": " Tecno-logia de ponta ",
    "DEADLINE": "Prazo máximo",
    "DEAFNESS": " Surdez",
    "DEEMED / DEEM (TO)": "Julgar / Supor / Considerar como",
    "DELAY": "Atraso / Movimento vagaroso / Adiar / Deter temporariamente",
    "DELIVERY": " Entrega ou parto / Dar à luz",
    "DELIVERY CABLE": "Cabo liberador",
    "DENGUE FEVER OR BREAKBONE FEVER": "Dengue ou febre do quebra–ossos",
    "DEPLOY": " Implantar / Estender / Desen-rolar / Abrir",
    "DEPLOYMENT / STENT DEPLOYMENT": "Formação / Colocação frontal / Coloca-ção estratégica / Posicionamento",
    "DEPTH / DEEP / DEEPEN (TO)": "Profun-didade / Fundo / Aprofundar",
    "DEVICE": "Dispositivo / Instrumento / Algo construído com um “design”",
    "DIASTOLIC GRUNT": "Estalido / Grunhido (emitir som gutural) /Som inarticulado (que expressa indiferença)",
    "DIASTOLIC THRILL": "Frêmito diastólico",
    "DISABILITY": "Incompetência / Falta de habilidade física ou mental ",
    "DISARRAY": "Desordem, desarranjo / Fora de disposição / Fora de conjunto",
    "DISCHARGE / DISMISSAL (TO DISMISS)": "Dispensar / Liberar de obrigação / Dar alta médica",
    "DISCLOSURES": " Confidencialidade (des-vendar) ",
    "DISCONTINUED": "Interrompido / Descon-tinuado",
    "DISPENSARY": " Um lugar onde os medi camentos estão dis postos; espe-cialmente em uma instituição pública onde o serviço é oferecido gratui-tamente",
    "DISPOSABLE": "Descartável",
    "DISTRESS": " Desgraça / Infortúnio / Revés / Aflição / Dor / Pena / Sofri-mento / Angústia",
    "DIZZINESS": " Tontura",
    "DIZZY": "Tonto / Tendo vertigens / Con-fuso (forma coloquial)",
    "DONOR": "Doador",
    "DONOR ACCEPTOR": "Receptor do mate-rial doado (por exemplo: o sangue)",
    "DOUBLE CHECK": " Verificar duplamente",
    "DOWN REGULATION": " Regulação infe-rior / Redução do número de receptores ",
    "DRAW BLOOD (TO)": " Tirar sangue",
    "DRAWBACKS": "Recuos / Perda de van-tagem / Dar um passo para trás ",
    "DRESSING": " Curativo",
    "DROPPER": "Conta–gotas",
    "DROWSY": "Tonto / Confuso",
    "DROWSINESS": " Entorpecimento (por droga ou medicamento) / Tontura / Confusão",
    "DRUG": "Droga / Medicamento / Remédio",
    "DUE TO": "Devido a",
    "DULLNESS": " Cegueira / Que não ressoa / Sem ressonância / Obscuro / Chato",
    "DUST": " Pó / Poeira ",
    "ENLARGE (TO)": "Estender / Amplificar / Incrementar / Aumentar de tamanho",
    "E.O.D. EVERY OTHER DAY": "Dia sim, dia não ",
    "EARLY RESPONDERS": " Respondentes iniciais / Prematuros ",
    "EFFERENT": "Eferente",
    "ELDERLY": "Idosos",
    "EMOTIONAL VALUE": "Valor emocional / Sentimental",
    "ENCOMPASS (TO)": "Rodear / Cercar / Incluir / Conter / Abranger",
    "END–STAGE": "Estágio final",
    "ENDEAVOR": " Esforço / Empenho / Dili-gência",
    "ENHANCEMENT": " Aumento / Intensifi-cação / Crescimento (um toque a mais)",
    "ENLARGEMENT": "Aumento de tamanho ou capacidade / Engrandecer ",
    "ENROLLMENT": "Inscrição / Registro / Matrícula / Alistamento",
    "ENTREPRENEUR": " Empresário",
    "ENTREPRENEURIAL": " Empresarial",
    "ENVIRONMENTAL": "Meio ambiental / Meio ambiente",
    "ESSAY": "Ensaio literário",
    "EVOLVE (TO)": " Evoluir / Crescer / Aumentar",
    "EXHALE (TO)": "Exalar",
    "EXPENDITURE (ENERGY)": "Gasto de energia",
    "EYEBALL": "Globo ocular",
    "EYEBROWS": " Sobrancelhas",
    "EYELASHES": "Cílios",
    "EYELID": "Pálpebra",
    "1st / 2nd / 3rd / 4th / SOUND": " 1ª / 2ª / 3ª / 4ª / Bulha",
    "FACILITIES": " Instalações",
    "FADING / FADE (TO)": " Desbotando / Esmorecendo / Perder cor / Desapa-recer gradualmente",
    "FECES": "Fezes",
    "FAINT": " Desmaio",
    "FARTING / FLATUS / GASES": "Flatos / Gases intestinais; também usado para todos os gases inflamáveis",
    "FASHION": "Consulta / Maneira / Forma / Feitio (moda)",
    "FASTING": "Jejum / Abstinência",
    "FEASIBILITY": "Viabilidade / Praticabi-lidade / Possibilidade / Algo possível de se praticar (algo viável)",
    "FEATURE": " Uma característica / Aspecto / Atuar proeminentemente em uma publi-cação / Revista etc.",
    "FEEDBACK MECHANISM": "Dar informa-ções / Manter informado / Alimentar com informações (retroinformação)",
    "FIGURE OUT (TO)": "Decifrar / Enten-der / Calcular",
    "FINGER": " Dedo da mão",
    "FINGERPRINT": " Impressão digital",
    "FIST": " Mão fechada",
    "FLESH WOUND": " Ferimento de superfície",
    "FLOODING (ALVEOLAR FLOODING)": "Inun-dação / Derrame alveolar",
    "FLOPPY TIP": "Ponta flexível",
    "FLUIDS": "Fluídos / Soro",
    "FLUSH (TO)": " Avermelhar (fluxo)",
    "FLUSHING": "Fluxo (de sangue) que causa o avermelhamento",
    "FOAM CELLS": " Células espumosas",
    "FOOD POISONING": " Intoxicação alimentar",
    "FORCEPS / OBSTETRICAL FORCEPS": "Pinça ",
    "FOREHEAD": "Testa",
    "FOREMOST": " O mais importante / Principal",
    "FORMALDEHYDE": "Formol",
    "FORTHCOMING": " Vindouro / Próximo (tam bém tem o significado de disponível)",
    "FRAMEWORK": " Armação / Moldura",
    "FROTHY": "Espumoso",
    "FURTHER": " Mais distante / Mais deta-lhado / Que vai além  ",
    "GALLBLADDER": " Vesícula",
    "GAP": " Espaço vazio entre dois ele-mentos / Lacuna",
    "GAVAGE": " Alimentação introduzida por meio de sondas / Alimentação enteral",
    "GET RID OF (TO)": " Livrar-se de",
    "GUIDEWIRE": "Fio guia",
    "GIVING IN": " Entregando–se",
    "GIVING UP": " Desistindo / Largando",
    "GLUCOSE LEVEL / HDL LEVEL / LDL LEVEL": "Nível de glicose / Nível de HDL / Nível de LDL. Sempre usar “level” em vez de “rate”, pois “rate” significa taxa e “level” significa nível",
    "GRAFT": "Enxerto coronariano / Enxerto na cirurgia plástica / Enxerto botânico / No financeiro quer dizer “propina”",
    "GROIN": "Virilha",
    "GROSS WEIGHT": "Peso bruto",
    "GUINEA PIG": "Cobaia",
    "GUM": "Gengiva / Chiclete / Goma de mascar – “chewing gum”",
    "HALLMARKS": "Destaques",
    "HARD ENDPOINTS": "Resultados duros /  Desfechos sólidos / Desfechos consis-tentes",
    "ILL–TEMPERED": "Temperamento difícil",
    "HARMFUL": "Prejudicial / Daninho",
    "HAY FEVER": "Febre do feno",
    "HAZARD RATIOS": " Razões de risco / Relações do perigo",
    "HEALING": "Cicatrização",
    "HEALTHCARE WORKERS": "Profissionais de saúde",
    "HEARTBURN": "Azia / Pirose",
    "HEEL": "Calcanhar",
    "HEIGHTEN (TO) / HEIGHT / HIGH": "Aumen tar a altura (elevar) / Altura / Alto",
    "HENCE": "Então / Portanto / Por isso",
    "HEREAFTER": " Daqui por diante / Dora-vante / Futuro",
    "HEREIN": " Aqui contido / Anexo / Incluso",
    "HICCUPS (PERSISTENT HICCUPS)": "Soluços persistentes ",
    "HIGHLIGHTED": "Destacado",
    "HINDER": "Traseiro",
    "HIP / HIPS": " Quadril / Quadris",
    "HOARSENESS": "Rouquidão",
    "HONEYCOMB PATTERN": "Padrão favo de mel / Alveoliforme / Esburacado / Corroído / Em forma de alvéolo",
    "HURT (TO)": " Não é o substantivo “dor” e sim “Sentir dor”/ Machucar (verbo)",
    "HYBRID DRUG ELUTING STENT": "Stent Híbrido Farmacológico",
    "IMPAIRED": "Piorado / Deteriorado / Depreciado / Debilitado",
    "IMPRINTING (A PROCESS OF MODIFYING A GENE BY CHEMICAL MEANS)": "Um processo de se modificar um gene por meios químicos",
    "INHALE (TO)": "Inalar",
    "INHERITED / INHERIT (TO)": "Hereditário (herdar)",
    "INJURY / TO INJURE": " Machucado, lesão ou ferimento / Machucar–se, ferir–se",
    "INPUT / INPUT (TO)": "Aquilo que é posto ou aplicado / Intervir / Energia que é aplicada a algo",
    "INSIGHTS": "Percepções internas",
    "INTAKE": "Orifício de entrada / Consumo /  Ingestão",
    "INTELLIGENCE QUOTIENT (I.Q.)": "Coefi-ciente de Inteligência (Q.I.)",
    "ISSUE": " Assunto / Fascículo de revista / Emitir um bilhete",
    "ITCHING": " Coceira",
    "JAUNDICE": "Icterícia",
    "JEOPARDIZED": "Exposto a risco / Cor-rendo risco (por exemplo: “jeopardized myocardium”)",
    "JOURNAL": " Revista científica / Não con-fundir com newspaper, que quer dizer jornal de notícias com classificados, anúncios etc.",
    "KINSHIP": "Consanguinidade / Paren-tesco",
    "KINKING": "Retorcido",
    "KNEE HINGE": " Rótula do joelho",
    "KNITTED POLYESTER CRIMPED GRAFT": "Enxerto crimpado (termo usado na Cardiologia Interven cionista) de malha de poliéster",
    "KNITTED VASCULAR PROSTHESIS": "Prótese vascular feita de tricô",
    "L.A.D.": " Left Arterial Descending",
    "LASER. – LIGHT AMPLIFIED BY STIMULATED EMISSION OF RADIATION": " Luz amplificada por emissão estimulada de radiação",
    "L.C.D. – LIQUID CRYSTAL DISPLAY": "Tela de cristal líquido",
    "L.E.D. – LIGHT EMITTING DIODE": "Diodo de emissão de luz",
    "LAA CLOSURE – LEFT ATRIAL APPENDAGE CLOSURE": " Fechamento do apên-dice atrial esquerdo",
    "LARGE BORE NEEDLE": "Agulha de bu-raco largo",
    "LATE RESPONDERS": "Respondentes tar-dios / Demorados / Atrasados",
    "LAYER": " Camada",
    "LEAFLET (AORTIC VALVE LEAFLET)": "Folheto (folheto da válvula aórtica)",
    "LEAN FORWARD (TO)": " Curvar–se / Cur-var–se para frente ",
    "LEAP YEAR": "Ano bissexto",
    "LENGTHEN (TO) / LENGTH / LONG": "Encom pridar / Comprimento / Comprido",
    "LEVEL": "Nível (por exemplo: Cholesterol level / Glucose level)",
    "LIE DOWN (TO)": "Deitar–se",
    "LIE ON YOUR STOMACH": " Deitar de bruços",
    "LIE ON YOUR TUMMY / TUMMY": " Deitar de bruços / Estômago",
    "LIFE–THREATENING": " Risco de vida / Ameaça de morte",
    "LIKELIHOOD": " Probabilidade",
    "LIKEWISE": "Da mesma forma ou maneira",
    "LIMBS": "Membros / Braços e pernas",
    "LITTER": "Maca / Leito",
    "LOADER AND SHEATH": " Carregador e bainha",
    "LOBE": "Lóbulo",
    "LOOK AFTER (TO)": " Cuidar / Tomar conta",
    "LOOK INTO (TO)": "Verificar / Olhar com atenção ",
    "LOOSE": "Solto",
    "LOOSELY": " Afrouxadamente",
    "LOSE (TO) / LOSE WEIGHT": " Perder / Perder peso",
    "LOSS OF CONSCIOUSNESS": "Perda de consciência ",
    "LOZENGE": "Pastilha (para tosse etc.)",
    "M.A.C.E.": " MAJOR ADVERSE CARDIAC EVENTS – Eventos cardíacos adversos relevantes (maiores)",
    "M.E.S.P. – MAXIMAL EXERCISE SYSTOLIC PRESSURE": " Pressão sistólica máxima no exercício",
    "M.R.I. – MAGNETIC RESONANCE IMAGING": "Imagem por ressonância magnética ",
    "M.A.D.S.": "Main Across Distal Side",
    "MAINSTAY": "Esteio / Principal / Alicerce /  Base / Apoio",
    "MAKE OUT (TO)": " Entender / Decifrar / Compreender / Calcular",
    "MALAISE": " Mal–estar",
    "MANEUVER (TO)": " Manobrar",
    "MANIFOLD": "Captador e distribuidor / Extensão para equipamentos de duas ou mais vias",
    "MATCHED CONTROL / MATCH (TO)": "Controle igualado / Fazer servir / Fazer combinar",
    "MEDICAL CLEARANCE": " Liberação médica",
    "MEDICAL ORDER": "Prescrição médica para paciente hospitalizado",
    "MEDICAL PRESCRIPTION": " Receita médica para adquirir medicamentos na farmácia ",
    "MEMBER": " Sócio / Membro / Associado",
    "MEMORY IMPAIRMENT": "Diminuir a qualidade de memorização / Enfraquecer a memória / Danos de memória",
    "MESH": "Malha",
    "MICROARRAY (STUDY)": "Um estudo de disposição / Formação / Arranjo / Ordem / Conjunto / Aparato",
    "MINUTIAE": " Minúcias",
    "MISCONCEPTIONS": " Uma noção falsa / Uma falta de compreensão",
    "MISMATCH": "União inadequada ou imper feita / Acasalamento impróprio",
    "MITRAL CLEFT": "Fenda da válvula mitral",
    "MOIST": " Umidade / Que contém líquido /  Molhado",
    "MOREOVER": " Além do mais / Além de que / Aliás",
    "MOUTHWASH": " Líquido para gargarejo",
    "NAIVE PATIENT": "Paciente virgem de tratamento",
    "NAPE": "Nuca",
    "NAPKIN RING – CALCIFICATION / STENOSIS": "Argola de guardanapo, que é um tipo de calcificação causada pelo estreitamento similar a uma argola de um guardanapo",
    "NARROWING (SYSTOLIC CORONARY ARTERY NARROWING)": " Estreitamento /  Estreitamento da artéria coronariana sistólica ",
    "NAVEL": "Umbigo",
    "NEEDLE": " Agulha",
    "NEEDLESTICK": "Picada de agulha",
    "NET / NET WEIGHT": "Rede / Peso líquido",
    "NEVERTHELESS": " Apesar de / Não obs-tante / Contudo / Todavia",
    "NIL / NOTHING / ZERO": " Nada / Nada /  Zero",
    "NON–RESPONDERS": "Não respondentes",
    "NOSTRIL": " Narina",
    "NOTEWORTHY": "Notável / Digno de nota",
    "NOTICE (TO)": "Notar / Perceber / Observar",
    "NOVEL TARGETS": "Novas metas / Novos alvos / Inusitados / Recente",
    "NUMB": "Entorpecido / Hipoestesia / Ficar insensível",
    "NUMBERLESS": " Inumerável / Incontável",
    "NUMBNESS": "Insensibilidade / Aneste-siado / Hipoestesia",
    "O.D. ONCE A DAY": "Uma vez por dia",
    "ODDS RATIO": "Índice de probabilidade / Razão de chances",
    "OFFSPRING": "Descendentes / Prole / Cria",
    "OINTMENT": "Unguento / Unta similar ao Vick Vapor Rub",
    "ONE–SIZE–FITS–ALL": " Tamanho único",
    "ONSET": "Início / Começo / Investida / Ataque",
    "OTHERWISE": " De outra forma / Senão",
    "OUTCOMES": "Resultados",
    "OUTPATIENT CLINICS": "Clínicas ambu-latoriais",
    "OUTPATIENT DEPARTMENT": " Ambulatório",
    "OVER RELIANCE": " Superintendência / Confiança / Nexo de dependência / Superseguro",
    "OVERTLY": "Abertamente / Publicamente / Premeditadamente",
    "OVERVIEW": "Panorama geral",
    "OVERWHELMING": "Assoberbante / Esma-gador / Irresistível / Dominante",
    "OX HEART": " Coração de boi",
    "P.A.L.S": "Pediatric Life Support",
    "P.F.O. CLOSURE": "Patent Foramen Oval Closure",
    "P.M.S. – PREMENSTRUAL STRESS": "Tensão pré-menstrual",
    "PACIFIER": " Chupeta",
    "PAIN": " Dor intermitente de vários graus de severidade, que requer cuidados médicos",
    "PAIRED/ PAIR (TO)": "Separar–se aos pares / Fazer parelha com / Estar / Emparelhado / Unido / Acasalado / Disposto em pares",
    "PANTING": "Ofegante",
    "PAPER": " Trabalho científico",
    "PARENT": " Pais / Pai e mãe",
    "PASS OUT (TO)": " Desmaiar / Ficar inconsciente",
    "PATCHES": " Adesivos",
    "PATHWAY (SHUNT PATHWAY)": " Cami-nho / Trilha / Vereda",
    "PATIENT RAPPORT": " Afinidade / Harmo-nia / Acordo / Afinidade com o paciente",
    "PEER / REVIEW (TO)": "Peer = olhar com atenção / Review = Revisar / Rever",
    "PERICARDIAL KNOCK": " Estalido / Ruído",
    "PERISHABLE": "Perecível",
    "PHLEGM": "Catarro / Pigarro",
    "PINNACLE": " Pináculo / Torre / Pico",
    "PITFALL": " Armadilha / Arapuca / Cilada",
    "PITS / ARM PITS": " Axilas",
    "PIVOTAL": "Essencial / Vital / Necessário / Imperativo / Fundamental",
    "PLATELET": " Plaqueta",
    "POULTRY": "Aves domésticas",
    "PRACTITIONERS": "Aqueles que exercem arte / profissão etc. / Profissionais",
    "PRESCRIPTION": "Receita para farmácia",
    "PRICKLING PAIN": " Dor em alfinetada / Dor em pontada / Formigar / Sensação de picada",
    "PROLAPSE": "Prolapso / Queda",
    "PROMPTLY": "Prontamente / Incitar / Estimular de maneira rápida",
    "PRONE TO": "Propenso a",
    "PUKE / VOMIT (TO)": "Vômito ou vomitar",
    "PUT ON WEIGHT (TO)": "Engordar / Ganhar peso",
    "PUTATIVE": "Suposto / Inconclusivo",
    "Q.O.D. 4 TIMES A DAY": " Quatro vezes ao dia",
    "QUERIES": "Questões / Perguntas",
    "RALE": "Estertor",
    "RATE / DOLLAR RATE / INTEREST RATE / HEART RATE": "Taxa / Taxa do dólar / Taxa de juros / Frequência cardíaca",
    "REAPING": "Algo que ceifa ou cega / Que acolhe",
    "RECURRENT": "Recorrente / Que se repete",
    "REEDED": "De som agudo ou fino / Qualquer objeto feito de bambu ou junco / Flauta acústica",
    "REFER (TO)": " Referir / Atribuir / Subme-ter / Recomendar / Recorrer / Consultar",
    "REGAIN (TO)": "Reganhar / Recuperar",
    "RELATIVES": "Parentes",
    "REMNANT (LIPOPROTEIN)": "Rema-nescente",
    "REMARKABLE": " Notável / Extraordi-nário / Incomum",
    "REPAIR / REPAIR (TO)": " Conserto / Repa-ração / Restauração / Renovar / Remediar",
    "RESEMBLANCE (STRUCTURAL)": " Similari-dade estrutural / Semelhança estrutural",
    "RESEMBLE (TO)": " Assemelhar–se a / Parecer–se com",
    "RESILIENT": "Algo elástico / Que tem elasticidade, material que consegue voltar à posição original depois de ser dobrado, esticado ou comprimido / Aquele que tem habilidade ou capaci-dade de recuperação de uma doença, um trauma ou uma mudança drástica",
    "RESTLESSNESS": "Inquietação",
    "RETCHING": " Tentativa de vômito / Forçar para vomitar",
    "RETREAT / RETREAT (TO)": "Cadência / Recolhimento / Retirar–se / Retroceder",
    "RETRIEVAL (SCREENED FOR)": " Esco-lher / Selecionar / Fazer uma triagem para / Recuperação / Restauração / Reparação / Corrigir",
    "RIB CAGE": " Caixa torácica",
    "RIGHT OR LEFT BUNDLE BRANCH": "Fascí-culo do ramo direito ou esquerdo",
    "ROLL OVER (TO)": " Virar–se de um lado para o outro",
    "ROOT CAUSE": "Raiz / Causa / Origem / O âmago de uma questão ou problema",
    "RUB (TO)": "Esfregar / Friccionar",
    "SANATORIUM": " Sanatório",
    "SANITARY": "Sanitário",
    "SCAR": "Cicatriz",
    "SCAR TISSUE": "Tecido de cicatriz",
    "SCAVENGER CELL": " Célula necrófaga",
    "SCAVENGING TUBE": "Tubo de limpeza",
    "SCREEN": "Tela / Filtrar / Triagem",
    "SCREEN FAILURE": " Falha de triagem",
    "SCREENING / SCREEN (TO)": "Triagem / Prova de exclusão / Rastrear",
    "SCROLL DOWN": "Códice / Rolo / Lista / Rol / Passar por uma lista / Passar item por item de um rol",
    "SCRUB NURSE": "Instrumentadora",
    "SCRUTINY": "A investigação profunda sobre um assunto / Exame minucioso",
    "SEEK (TO)": "Buscar / Procurar",
    "SEESAW (MURMUR)": "Sopro contínuo",
    "SEIZURES": "Crises",
    "SEMINAR": "Seminário de estudo",
    "SEMINARY": " Estabelecimento eclesiástico",
    "SERENDIPITY": " A faculdade de fazer descobertas importantes e valiosas de maneira inesperada ou por acaso",
    "SETTING": " Montagem / Cenário / Estritira / Armação / Enrijecimento / Endurecimento",
    "SETTLE (TO)": " Acomodar / Instalar (assentar pó ou sedimento) / Acalmar /  Arranjar / Resolver",
    "SHAGGY": "Rugoso / Desalinhado / Ema-ranhado / Áspero",
    "SHALLOWNESS / SHALLOW": " Raso / Inconsistente / Inconsistência",
    "SHEAR STRESS": "Stresse de cisa-lhamento",
    "SHEATH": " Bainha / Estojo / Revesti-mento / Forro (enviar uma espada ou punhal) / Invólucro",
    "SHIELD": " Escudo / Proteção / Blindagem / Servir de proteção",
    "SHINS": "Canela",
    "SHRINK (TO)": " Encolher",
    "SHORTAGE": "Diminuição / Deficiência / Escassez / Déficit",
    "SHRINKAGE": " Encolhimento",
    "SHUNT / SHUNT LEAK": "Uma conexão ou passagem de fluxo sanguíneo que vaza por uma fenda",
    "SHUTTLE TEST": " Teste rápido",
    "SIGH (TO)": " Suspirar",
    "SKIN RASH": " Erupção na pele ",
    "SKULL (BRAIN BOX)": "Crânio (caixa cerebral)",
    "SLEUTH (TO)": "Investigar / Detetive / Fazer–se de detetive",
    "SLOPE": "Elevação / Calombo",
    "SMEAR (PERIPHERAL BLOOD SMEAR)": "Mancha / Nódoa / Matéria na lâmina de microscópio / Lambuzar / Besuntar /  Manchar",
    "SNEEZE (TO)": " Espirrar",
    "SNORE (TO)": "Roncar",
    "SORE": "Dolorido / Em caso de ferida aberta: úlceras, aftas, cortes etc.",
    "SPEAK WITH A LISP": "Pessoa que fala com a língua presa",
    "SPEECH / LECTURE": " Discurso / Palestra",
    "SPEW / SPEW (TO)": "Vômito / Vomitar",
    "SPINAL CORD": "Cordão espinhal / Espinha dorsal",
    "SPLEEN": "Baço",
    "SPOILED": " Estragado (mimado)",
    "SPRING": "Mola / Primavera / Nascente de água",
    "SPURIOUS – BLOOD PRESSURE VARIABILITY CAUSES SPURIOUS IDENTIFICATION": "Espúrio – algo que é igual na aparência, mas diferente em função e estrutura ",
    "SPUTUM": "Catarro ",
    "SQUATTING (POSITION)": "Acocoramento /  Agachamento",
    "SQUEEZE (TO)": "Espremer / Apertar / Comprimir / Extrair à força / Extorquir / Apertão / Compressão",
    "STACKDECK": "Montão / Pilha / Empilhar",
    "STAPH INFECTION": " Infecção hospitalar",
    "STAGGERING": " Cambaleio / Dispor em ziguezague",
    "STAINING": "Nódoa / Mancha / Corante / Pigmento",
    "STARCH": "Amido / Fécula / Goma / Ali-mentos ricos em amido",
    "STARK": "Rígido / Cru / Marcante / Com-pleto (por exemplo, Stark madness = loucura total)",
    "STATE–OF–THE–ART": "Estado da arte: a síntese dos conhecimentos sobre um determinado assunto até o presente",
    "STEADY STATE": "Estável / Condição estável",
    "STEERABLE GUIDEWIRE": " Fio guia / Que se esterça / Flexível",
    "STEM": " Caule / Cabo / Tronco",
    "STEM CELLS": "Células–tronco",
    "STENT": "DR. CHARLES STENT – Cirur-gião dentista inglês que inventou o dispositivo",
    "STEPWISE FASHION": " Modo de conduta / Estilo de conduta",
    "STIFF": "Duro / Rijo",
    "STIFFNESS": "Rigidez",
    "STIFLED": "Sufocado / Asfixiado / Repri-mido",
    "STITCHES": "Pontos de cirurgia ou costura",
    "STOOLS": "Fezes",
    "STRAIN": " Distensão / Puxão / Tensão / Esforço violento / Torcedura / Também coar ou peneirar",
    "STRANDS": " Filamentos",
    "STRAYED": "Isolado / Ocasional / Desen-caminhado / Perdido / Extraviado",
    "STRENGTHEN (TO) / STRENGTH / STRONG": " Reforçar / Força / Forte",
    "STRESS": "Estresse – tensão, pressão / Acentuar / Dar ênfase",
    "STRETCH (TO)": "Alongar-se",
    "STRETCHER": "Maca",
    "STRIKING": "Notável / Extraordinário / Formidável",
    "STRING": "Fio / Cordão",
    "STRIPE": "Listra",
    "STROKE": " Derrame cerebral",
    "STROKE VOLUME": "Volume sistólico",
    "STRUGGLE (TO)": " Lutar / Combater",
    "STUBBORN": " Teimoso / Obstinado",
    "STUTTER": "Gaguice / Gaguejar",
    "STUTTER (TO)": " Gaguejar",
    "STUTTERER": "Gago",
    "SUBPOENA": " Citação / Intimação",
    "SUFFER (TO)": " Sofrer – Dor física ou moral",
    "SUPPORT": "Apoio / Colaboração",
    "SURGICAL SUITE": " Centro cirúrgico",
    "SURROGATE ENDPOINTS RESULT": " Resul-tados secundários",
    "SURROGATE POINTS": " Desfechos subs-titutivos",
    "SURVEILLANCE": " Vigilância / Fiscalização",
    "SURVEY": " Pesquisa de opinião",
    "SWALLOW (TO)": " Engolir",
    "SWEATING": " Sudorese",
    "SWITCH (TO)": " Trocar / Inverter",
    "SWOLLEN": "Inchado",
    "SYRINGE": "Seringa",
    "SYSTOLIC THRILL": " Frêmito sistólico",
    "T.I.D. – THREE TIMES A DAY": "Três vezes por dia",
    "T.O.D. – TWICE A DAY": " Duas vezes ao dia",
    "TAG": " Etiqueta / Rótulo",
    "TAILORING": "Alinhamento",
    "TAPERING VESSEL": " Vaso ou ducto que se estreita / Redução gradual / Afilamento",
    "TB / CONSUMPTION / TUBERCULOSIS": "Tuberculose",
    "TEAR": " Lágrima",
    "TEAR (TO)": " Rasgar",
    "TENTING": " Angulação",
    "THE NEXT OF KIN": " O parente mais próximo",
    "THEREBY": "De tal modo / Assim / Com isso",
    "THICKEN (TO) / THICKENING": "Engrossar /  Engrossamento",
    "THIGH": " Coxa",
    "THIN (TO) / THINNING": "Afinar / Afi-namento",
    "THREAT": "Ameaça",
    "THRESHOLD": " Limiar / Entrada ou começo",
    "THROBBING / PALPITATION": "Palpitação",
    "THROUGHOUT": "Através de todo / Through – através",
    "THROW UP (TO)": "Vomitar",
    "THRUSH": "Sapinho ou afta",
    "THUMB": " Polegar",
    "TIES (FINANCIAL TIES)": " Laços finan-ceiros / Ligações financeiras",
    "TINGLING": "Formigamento",
    "TO BE GOOD AT SOMETHING": "Ser bom em algo",
    "TO LAND THE STENT": " Assentar / Colocar o stent",
    "TO TAKE PLACE": "Acontecer / Ocorrer / Realizar–se",
    "TOES": "Artelhos / Dedos dos pés",
    "TONSILS": " Amígdalas",
    "TOOL": "Ferramenta",
    "TOWARD": "Em direção a",
    "TREADMILL": "Esteira para exercícios físicos",
    "TRIGGER (TRIGGERING MECHANISM)": "Gatilho / Detonador",
    "TURN OVER (TO) / ROLL OVER (TO)": "Virar–se de um lado para outro",
    "TWEEZERS (OPTICAL TWEEZERS)": " Pinças",
    "UNANNOUNCED VISITS": " Visitas ines-peradas",
    "UNAWARE": "Não estar ciente",
    "UNBLINDED": " Sem ocultação / Às claras",
    "UNDERGO A SURGERY (TO)": " Sofrer uma cirurgia",
    "UNDERNOURISHED / UNDERFED": " Sub-nutrido",
    "UNDERTAKE (TO)": " Assumir cargo / Pro-meter fazer se for possível / Prometer / Assumir / Tentar",
    "UNDOUBTEDLY": " Sem dúvida alguma / Indubitavelmente",
    "UNFATHOMABLE": "Incomensurável / Impe netrável / Insondável",
    "UP SLOPING / DOWN SLOPING (SEGMENT)": "Curva ascendente / Curva descendente",
    "USHERED": " Conduzido / Acompanhado / Anunciado / Lugar indicado",
    "UTILITY ROOM": "Sala de coleta de mate-rial para exame",
    "VALVE DEBRIS": " Detritos de válvula / Depósito",
    "VENTRICULAR BYPASS PUMP": " Bomba de Bypass",
    "WARD": " Enfermaria ou ala de hospital",
    "WARN (TO)": " Advertir / Chamar a atenção para",
    "WAVEFORM": "Forma ondulada",
    "WEDGE / WEDGE (TO)": "Calço / Cunha / Pôr calço / Introduzir à força / Socar",
    "WELLBEING": " Bem–estar",
    "WHEREBY": "Por meio dos quais / Pelo qual",
    "WHITE COAT HYPERTENSION": " Sín-drome do avental branco / Coat – paletó / Casaco",
    "WHIZZING": "Chiadeira / Zunido",
    "WHOOPING COUGH": "Coqueluche / Tosse comprida",
    "WIDE–RANGING (EFFECTS)": "Ampla margem",
    "WIDESPREAD": "Amplamente espalhado / Largamente espalhado",
    "WIDEN (TO) / WIDTH / WIDE": "Alargar / Largura / Largo",
    "WING": "Ala",
    "WIT": "Faculdades mentais / Senso / Juízo / Sagacidade / Compreensão",
    "WITHDRAWAL": " Retirada",
    "WITHSTAND (TO)": " Suportar / Aguentar / Resistir a / Opor–se a ",
    "WOMB / UTERUS": " Ventre / Útero",
    "WORKLOAD": "Carga de trabalho ",
    "WORTHY": "Que vale a pena / De valor / Valioso / Merecedor / Meritório/ Digno / Ilustre / Honrado",
    "WOUND": "Ferida / Ferimento",
    "WRIT": " Mandado / Ordenado"
}