{
    "a surmise (a conjecture – suspicion) (to assume on small evidence)": [
        "conjectura",
        "suposição"
    ],
    "a.c.l.s": "advanced cardiovascular life support",
    "a.e.d": "automated external defibrillator",
    "a.s.a.p. (as soon as possible)": "o mais rapidamente possível",
    "a.v.c. (aberrant ventricular conduction)": "não significa acidente vascular cerebral, um avc em inglês é um “stroke”",
    "abdominal fever": "febre tifoide",
    "typhoid fever": "febre tifoide",
    "absent–minded": [
        "distraído",
        "desatento"
    ],
    "acceptance": [
        "novos pacientes",
        "aco-lhimento"
    ],
    "accruing": [
        "vir de maneira natural",
        "incre mentado de maneira natural",
        "devido a",
        "proveniente de"
    ],
    "ache": [
        "termo para designar casos particulares de dor (dor contínua, que não passa, mas não é severa)",
        "dor localizadac ex.: stomachache, headache"
    ],
    "achievement": [
        "realiza ção",
        "conquis-tas",
        "feitos"
    ],
    "addict": "viciado (tóxicos)",
    "adhesive tape": " esparadrapo",
    "afferent": "aferente ",
    "afford (to)": [
        "dar–se ao luxo de",
        "ter recursos para"
    ],
    "age strata": " faixas etárias",
    "ailment": " uma desordem física ou mental, especialmente uma doença leve",
    "airborne": [
        "transportado via aérea",
        "que se pega pelo ar"
    ],
    "akin": [
        "consanguíneo",
        "aparentado"
    ],
    "ambulatory": [
        "passeio, galeria, cor-redor, ambulatorial, refere–se a paciente  que pode caminhar",
        "andar"
    ],
    "anaesthetize (to)": "anestesiar ",
    "ancillary": [
        "subserviente",
        "subsidiá-rio",
        "auxiliar",
        "subordinado"
    ],
    "anecdotal": [
        "pertencendo a",
        "caracteri-zado por ou repleto de histórias ou casos"
    ],
    "anecdote": [
        "casos não publicados",
        "não divulgados",
        "segredos ou particu-laridades da história ou biografia"
    ],
    "anesthetist": " anestesista (tomar cuidado, o final não é “sist.”); é igual a cientist",
    "ankles": "tornozelos",
    "antidepressant drugs": [
        "medica-mentos antidepressivos",
        "para pessoas usa–se o termo “depressive”"
    ],
    "anxiety": "ansiedade",
    "aortic knob": [
        "botão ou arco aór-tico",
        "“knob” em conversação signi-fica maçaneta"
    ],
    "appointment": "consulta médica com hora marcada (na conversação, é um compromisso marcado)",
    "approach": [
        "abordagem",
        "uma aproxi-mação",
        "aproximar–se de"
    ],
    "armored": "blindado",
    "ascertain": [
        "verificar",
        "averiguar",
        "deter-minar",
        "avaliar"
    ],
    "assay": " ensaio químico em laboratório",
    "assessment": "avaliação",
    "astonishing": [
        "espantoso",
        "surpreen-dente",
        "assombroso",
        "admirável"
    ],
    "at risk": "correndo risco",
    "high risk": "alto risco",
    "optimal risk": "risco normal ou possível",
    "athletes’ foot": "frieira ",
    "b and b (bed and breakfast)": "pensão, cama e café da manhã",
    "b.l.s": "basic life support ",
    "b.p. dipping": " descenso fisiológico da pressão arterial durante o sono ",
    "backdrop": [
        "tela de fundo",
        "uma mon-tagem como de um evento histórico"
    ],
    "baffle": [
        "obstrução",
        "obstáculo"
    ],
    "bank blood": "sangue estocado",
    "barely": [
        "simplesmente",
        "escassamente",
        "apenas",
        "somente",
        "quase nada"
    ],
    "barrel–shaped chest": "peito em forma de barril",
    "belching": "arrotar",
    "belch (to)": "arroto",
    "bellows": "é um fole, mas pode ser tam bém um modo figurativo de pulmões ",
    "bend your knees (to)": "dobrar seus joelhos",
    "bestow (to)": [
        "conferir (dar)",
        "agra-ciar (conceder)"
    ],
    "bias": [
        "um corte ou uma costura oblí-qua à textura do tecido",
        "inclinação",
        "imparcialidade",
        "justo. na medicina: uma parcialidade"
    ],
    "bladder": [
        "bexiga",
        "bolsa de manguito"
    ],
    "biovars": " biótipos",
    "blood bank": " banco de sangue",
    "blood–borne": " transmissão via san-guínea",
    "bloodletting": "sangria",
    "booster dose": " dose de reforço",
    "bowel movements": [
        "evacuar",
        "fazer funcionar o intestino"
    ],
    "braid": [
        "like lesion – lesão parecida ou similar a uma trança de cabelo",
        "uma lesão trançada"
    ],
    "brand new": "novo em folha (algo que nunca foi usado antes)",
    "breakdown": [
        "quebrar",
        "arriar",
        "esgo-tamento nervoso",
        "colapso",
        "“a nervous breakdown”"
    ],
    "breakout": [
        "epidemia",
        "surto"
    ],
    "breastbone": " esterno (osso)",
    "breath": [
        "fôlego",
        "“bad breath” – mau hálito"
    ],
    "breath maneuver": " manobra de segu-rar ou prender o fôlego",
    "breathe (to)": " respirar",
    "breathing": [
        "respiração",
        "verbo “to breathe”",
        "respirar"
    ],
    "breathless": [
        "sem fôlego",
        "esbafo-rido",
        "ofegante",
        "sem vida"
    ],
    "brick and mortar": "tijolo e argamassa",
    "broader population": [
        "uma popu-lação mais ampla",
        "um número maior"
    ],
    "broadly": "ampla-mente",
    "broad": "amplo",
    "broader": "mais amplo",
    "bruise": " contusão",
    "budget": [
        "orçamento",
        "provisão",
        "estoque"
    ],
    "buff": "coágulo, crosta que se forma sobre sangue coagulado",
    "buffered": [
        "tamponado",
        "amortecido"
    ],
    "burden": [
        "fardo",
        "uma carga pesada",
        "um peso opressivo",
        "um problema",
        "em música é o refrão (fio da meada)"
    ],
    "bystander": [
        "circunstante",
        "curioso",
        "espectador"
    ],
    "c.a.f.e.": [
        "conduit",
        "artery",
        "function",
        "evaluation"
    ],
    "c.p.r.": " cardiopulmonary resuscitation ",
    "calf": "panturrilha",
    "cap rupture": "ruptura de cápsula fibrosa",
    "capsules": "cápsu-las",
    "pills": "pílulas (geralmente revestidas)",
    "tablets": "comprimidos (que podem ser divi-didos em duas ou quatro partes)",
    "cardiac standstill": "parada cardíaca",
    "cardiac arrest": "parada cardíaca",
    "caveat": [
        "aviso",
        "advertência",
        "coisas importantes",
        "um alerta",
        "precaução"
    ],
    "central sympathetic drive": " impulso simpático central",
    "chain effect": [
        "efeito em cadeia",
        "efeito dominó"
    ],
    "chain smoker": " fumante que acende um cigarro no outro",
    "chelation": " quelação",
    "chin": "queixo",
    "chokes": [
        "engasgos",
        "“to chocke”– engasgar",
        "afogar"
    ],
    "claim": [
        "reivindicar",
        "alegar",
        "requerer"
    ],
    "claudication (claudicant limb)": "claudicação",
    "cleft": [
        "fissura",
        "fresa",
        "partido ou dividido",
        "separado"
    ],
    "climacteric": "climatério",
    "clotting time": " tempo de coagulação ",
    "cloudy urine": "urina turva ",
    "clue": " pista para diagnóstico ",
    "cluster": [
        "um número de objetivos iguais agrupados ou que crescem juntos",
        "feixe",
        "molho",
        "cacho",
        "congérie"
    ],
    "coal": "carvão",
    "coated": [
        "revestido",
        "coberto com uma camada ou demão",
        "recoberto"
    ],
    "coating": "revestimento",
    "coil": [
        "espiral",
        "bobina",
        "serpentina",
        "rosca"
    ],
    "coil–tipped catheter": " cateter de ponta espiral",
    "complain (to)": [
        "queixar–se",
        "lamen-tar–se",
        "reclamar"
    ],
    "comprehensive": [
        "abrangente",
        "exten-sivo",
        "que engloba"
    ],
    "conceal (to)": [
        "esconder",
        "manter em segredo",
        "ocultar",
        "encobrir"
    ],
    "conceivable": [
        "concebível",
        "concep-tível",
        "imaginável",
        "compreensível"
    ],
    "conference": " reunião para troca de ideias",
    "constipation": [
        "inatividade das fezes",
        "prisão de ventre",
        "não é um congestio-namento nasal (resfriado é “cold”)"
    ],
    "constraint": [
        "constrangimento",
        "res-trição",
        "coação",
        "coerção",
        "repressão"
    ],
    "conundrums": [
        "metáfora",
        "enigma",
        "quebra-cabeças"
    ],
    "conversely": [
        "inversamente",
        "de ma-neira contrária",
        "de modo oposto"
    ],
    "convey": [
        "carregar",
        "transportar",
        "transmitir",
        "comunicar",
        "transferir propriedade"
    ],
    "cope with (to)": " lidar com ",
    "cornerstone": " pedra angular",
    "coronary cusp": [
        "cúspide corona-riana",
        "folheto",
        "válvula"
    ],
    "corpse": "cadáver",
    "countenance": [
        "fisionomia",
        "expres-são facial",
        "semblante",
        "feições",
        "com-postura"
    ],
    "counter regulatory": " contrarregu-latório",
    "counterclockwise": [
        "à esquerda",
        "ao contrário dos ponteiros do relógio",
        "sentido anti-horário"
    ],
    "countershock": " cardioversão",
    "countervail (to)": [
        "contrapor",
        "contra-balançar",
        "equivaler"
    ],
    "cramps": [
        "contrações doloridas",
        "câimbras"
    ],
    "crippled": "aleijado",
    "crossover group": " grupo de cruza-mento",
    "cuff (cuffed hypertension) (aortic cuff = balão)": [
        "dar um tapa com as mãos abertas",
        "punho de camisa",
        "parte do tecido que vai ao redor do braço num esfigmomanômetro (manguito)"
    ],
    "culprit": [
        "réu",
        "culpado",
        "acusado",
        "criminoso"
    ],
    "culture media": " meios de cultura",
    "currently": [
        "vigente",
        "em andamento",
        "correntemente"
    ],
    "cutoff value": " valor de corte",
    "cutting edge technology": " tecno-logia de ponta ",
    "deadline": "prazo máximo",
    "deafness": " surdez",
    "deemed": "julgar",
    "deem (to)": "supor",
    "delay": [
        "atraso",
        "movimento vagaroso",
        "adiar",
        "deter temporariamente"
    ],
    "delivery": [
        "entrega ou parto",
        "dar à luz"
    ],
    "delivery cable": "cabo liberador",
    "dengue fever or breakbone fever": "dengue ou febre do quebra–ossos",
    "deploy": [
        "implantar",
        "estender",
        "desen-rolar",
        "abrir"
    ],
    "deployment": "formação",
    "stent deployment": "colocação frontal",
    "depth": "profun-didade",
    "deep": "fundo",
    "deepen (to)": "aprofundar",
    "device": [
        "dispositivo",
        "instrumento",
        "algo construído com um “design”"
    ],
    "diastolic grunt": [
        "estalido",
        "grunhido (emitir som gutural)",
        "som inarticulado (que expressa indiferença)"
    ],
    "diastolic thrill": "frêmito diastólico",
    "disability": [
        "incompetência",
        "falta de habilidade física ou mental"
    ],
    "disarray": [
        "desordem, desarranjo",
        "fora de disposição",
        "fora de conjunto"
    ],
    "discharge": "dispensar",
    "dismissal (to dismiss)": "liberar de obrigação",
    "disclosures": " confidencialidade (des-vendar) ",
    "discontinued": [
        "interrompido",
        "descon-tinuado"
    ],
    "dispensary": " um lugar onde os medi camentos estão dis postos; espe-cialmente em uma instituição pública onde o serviço é oferecido gratui-tamente",
    "disposable": "descartável",
    "distress": [
        "desgraça",
        "infortúnio",
        "revés",
        "aflição",
        "dor",
        "pena",
        "sofri-mento",
        "angústia"
    ],
    "dizziness": " tontura",
    "dizzy": [
        "tonto",
        "tendo vertigens",
        "con-fuso (forma coloquial)"
    ],
    "donor": "doador",
    "donor acceptor": "receptor do mate-rial doado (por exemplo: o sangue)",
    "double check": " verificar duplamente",
    "down regulation": [
        "regulação infe-rior",
        "redução do número de receptores"
    ],
    "draw blood (to)": " tirar sangue",
    "drawbacks": [
        "recuos",
        "perda de van-tagem",
        "dar um passo para trás"
    ],
    "dressing": " curativo",
    "dropper": "conta–gotas",
    "drowsy": [
        "tonto",
        "confuso"
    ],
    "drowsiness": [
        "entorpecimento (por droga ou medicamento)",
        "tontura",
        "confusão"
    ],
    "drug": [
        "droga",
        "medicamento",
        "remédio"
    ],
    "due to": "devido a",
    "dullness": [
        "cegueira",
        "que não ressoa",
        "sem ressonância",
        "obscuro",
        "chato"
    ],
    "dust": [
        "pó",
        "poeira"
    ],
    "enlarge (to)": [
        "estender",
        "amplificar",
        "incrementar",
        "aumentar de tamanho"
    ],
    "e.o.d. every other day": "dia sim, dia não ",
    "early responders": [
        "respondentes iniciais",
        "prematuros"
    ],
    "efferent": "eferente",
    "elderly": "idosos",
    "emotional value": [
        "valor emocional",
        "sentimental"
    ],
    "encompass (to)": [
        "rodear",
        "cercar",
        "incluir",
        "conter",
        "abranger"
    ],
    "end–stage": "estágio final",
    "endeavor": [
        "esforço",
        "empenho",
        "dili-gência"
    ],
    "enhancement": [
        "aumento",
        "intensifi-cação",
        "crescimento (um toque a mais)"
    ],
    "enlargement": [
        "aumento de tamanho ou capacidade",
        "engrandecer"
    ],
    "enrollment": [
        "inscrição",
        "registro",
        "matrícula",
        "alistamento"
    ],
    "entrepreneur": " empresário",
    "entrepreneurial": " empresarial",
    "environmental": [
        "meio ambiental",
        "meio ambiente"
    ],
    "essay": "ensaio literário",
    "evolve (to)": [
        "evoluir",
        "crescer",
        "aumentar"
    ],
    "exhale (to)": "exalar",
    "expenditure (energy)": "gasto de energia",
    "eyeball": "globo ocular",
    "eyebrows": " sobrancelhas",
    "eyelashes": "cílios",
    "eyelid": "pálpebra",
    "1st": "1ª",
    "2nd": "2ª",
    "3rd": "3ª",
    "4th": "4ª",
    "sound": "bulha",
    "facilities": " instalações",
    "fading": "desbotando",
    "fade (to)": "esmorecendo",
    "feces": "fezes",
    "faint": " desmaio",
    "farting": "flatos",
    "flatus": "gases intestinais; também usado para todos os gases inflamáveis",
    "fashion": [
        "consulta",
        "maneira",
        "forma",
        "feitio (moda)"
    ],
    "fasting": [
        "jejum",
        "abstinência"
    ],
    "feasibility": [
        "viabilidade",
        "praticabi-lidade",
        "possibilidade",
        "algo possível de se praticar (algo viável)"
    ],
    "feature": [
        "uma característica",
        "aspecto",
        "atuar proeminentemente em uma publi-cação",
        "revista etc."
    ],
    "feedback mechanism": [
        "dar informa-ções",
        "manter informado",
        "alimentar com informações (retroinformação)"
    ],
    "figure out (to)": [
        "decifrar",
        "enten-der",
        "calcular"
    ],
    "finger": " dedo da mão",
    "fingerprint": " impressão digital",
    "fist": " mão fechada",
    "flesh wound": " ferimento de superfície",
    "flooding (alveolar flooding)": [
        "inun-dação",
        "derrame alveolar"
    ],
    "floppy tip": "ponta flexível",
    "fluids": [
        "fluídos",
        "soro"
    ],
    "flush (to)": " avermelhar (fluxo)",
    "flushing": "fluxo (de sangue) que causa o avermelhamento",
    "foam cells": " células espumosas",
    "food poisoning": " intoxicação alimentar",
    "forceps": "pinça ",
    "obstetrical forceps": "pinça ",
    "forehead": "testa",
    "foremost": [
        "o mais importante",
        "principal"
    ],
    "formaldehyde": "formol",
    "forthcoming": [
        "vindouro",
        "próximo (tam bém tem o significado de disponível)"
    ],
    "framework": [
        "armação",
        "moldura"
    ],
    "frothy": "espumoso",
    "further": [
        "mais distante",
        "mais deta-lhado",
        "que vai além"
    ],
    "gallbladder": " vesícula",
    "gap": [
        "espaço vazio entre dois ele-mentos",
        "lacuna"
    ],
    "gavage": [
        "alimentação introduzida por meio de sondas",
        "alimentação enteral"
    ],
    "get rid of (to)": " livrar-se de",
    "guidewire": "fio guia",
    "giving in": " entregando–se",
    "giving up": [
        "desistindo",
        "largando"
    ],
    "glucose level": "nível de glicose",
    "hdl level": "nível de hdl",
    "ldl level": "nível de ldl. sempre usar “level” em vez de “rate”, pois “rate” significa taxa e “level” significa nível",
    "graft": [
        "enxerto coronariano",
        "enxerto na cirurgia plástica",
        "enxerto botânico",
        "no financeiro quer dizer “propina”"
    ],
    "groin": "virilha",
    "gross weight": "peso bruto",
    "guinea pig": "cobaia",
    "gum": [
        "gengiva",
        "chiclete",
        "goma de mascar – “chewing gum”"
    ],
    "hallmarks": "destaques",
    "hard endpoints": [
        "resultados duros",
        "desfechos sólidos",
        "desfechos consis-tentes"
    ],
    "ill–tempered": "temperamento difícil",
    "harmful": [
        "prejudicial",
        "daninho"
    ],
    "hay fever": "febre do feno",
    "hazard ratios": [
        "razões de risco",
        "relações do perigo"
    ],
    "healing": "cicatrização",
    "healthcare workers": "profissionais de saúde",
    "heartburn": [
        "azia",
        "pirose"
    ],
    "heel": "calcanhar",
    "heighten (to)": "aumen tar a altura (elevar)",
    "height": "altura",
    "high": "alto",
    "hence": [
        "então",
        "portanto",
        "por isso"
    ],
    "hereafter": [
        "daqui por diante",
        "dora-vante",
        "futuro"
    ],
    "herein": [
        "aqui contido",
        "anexo",
        "incluso"
    ],
    "hiccups (persistent hiccups)": "soluços persistentes ",
    "highlighted": "destacado",
    "hinder": "traseiro",
    "hip": "quadril",
    "hips": "quadris",
    "hoarseness": "rouquidão",
    "honeycomb pattern": [
        "padrão favo de mel",
        "alveoliforme",
        "esburacado",
        "corroído",
        "em forma de alvéolo"
    ],
    "hurt (to)": [
        "não é o substantivo “dor” e sim “sentir dor”",
        "machucar (verbo)"
    ],
    "hybrid drug eluting stent": "stent híbrido farmacológico",
    "impaired": [
        "piorado",
        "deteriorado",
        "depreciado",
        "debilitado"
    ],
    "imprinting (a process of modifying a gene by chemical means)": "um processo de se modificar um gene por meios químicos",
    "inhale (to)": "inalar",
    "inherited": "hereditário (herdar)",
    "inherit (to)": "hereditário (herdar)",
    "injury": "machucado, lesão ou ferimento",
    "to injure": "machucar–se, ferir–se",
    "input": "aquilo que é posto ou aplicado",
    "input (to)": "intervir",
    "insights": "percepções internas",
    "intake": [
        "orifício de entrada",
        "consumo",
        "ingestão"
    ],
    "intelligence quotient (i.q.)": "coefi-ciente de inteligência (q.i.)",
    "issue": [
        "assunto",
        "fascículo de revista",
        "emitir um bilhete"
    ],
    "itching": " coceira",
    "jaundice": "icterícia",
    "jeopardized": [
        "exposto a risco",
        "cor-rendo risco (por exemplo: “jeopardized myocardium”)"
    ],
    "journal": [
        "revista científica",
        "não con-fundir com newspaper, que quer dizer jornal de notícias com classificados, anúncios etc."
    ],
    "kinship": [
        "consanguinidade",
        "paren-tesco"
    ],
    "kinking": "retorcido",
    "knee hinge": " rótula do joelho",
    "knitted polyester crimped graft": "enxerto crimpado (termo usado na cardiologia interven cionista) de malha de poliéster",
    "knitted vascular prosthesis": "prótese vascular feita de tricô",
    "l.a.d.": " left arterial descending",
    "laser. – light amplified by stimulated emission of radiation": " luz amplificada por emissão estimulada de radiação",
    "l.c.d. – liquid crystal display": "tela de cristal líquido",
    "l.e.d. – light emitting diode": "diodo de emissão de luz",
    "laa closure – left atrial appendage closure": " fechamento do apên-dice atrial esquerdo",
    "large bore needle": "agulha de bu-raco largo",
    "late responders": [
        "respondentes tar-dios",
        "demorados",
        "atrasados"
    ],
    "layer": " camada",
    "leaflet (aortic valve leaflet)": "folheto (folheto da válvula aórtica)",
    "lean forward (to)": [
        "curvar–se",
        "cur-var–se para frente"
    ],
    "leap year": "ano bissexto",
    "lengthen (to)": "encom pridar",
    "length": "comprimento",
    "long": "comprido",
    "level": [
        "nível (por exemplo: cholesterol level",
        "glucose level)"
    ],
    "lie down (to)": "deitar–se",
    "lie on your stomach": " deitar de bruços",
    "lie on your tummy": "deitar de bruços",
    "tummy": "estômago",
    "life–threatening": [
        "risco de vida",
        "ameaça de morte"
    ],
    "likelihood": " probabilidade",
    "likewise": "da mesma forma ou maneira",
    "limbs": [
        "membros",
        "braços e pernas"
    ],
    "litter": [
        "maca",
        "leito"
    ],
    "loader and sheath": " carregador e bainha",
    "lobe": "lóbulo",
    "look after (to)": [
        "cuidar",
        "tomar conta"
    ],
    "look into (to)": [
        "verificar",
        "olhar com atenção"
    ],
    "loose": "solto",
    "loosely": " afrouxadamente",
    "lose (to)": "perder",
    "lose weight": "perder peso",
    "loss of consciousness": "perda de consciência ",
    "lozenge": "pastilha (para tosse etc.)",
    "m.a.c.e.": " major adverse cardiac events – eventos cardíacos adversos relevantes (maiores)",
    "m.e.s.p. – maximal exercise systolic pressure": " pressão sistólica máxima no exercício",
    "m.r.i. – magnetic resonance imaging": "imagem por ressonância magnética ",
    "m.a.d.s.": "main across distal side",
    "mainstay": [
        "esteio",
        "principal",
        "alicerce",
        "base",
        "apoio"
    ],
    "make out (to)": [
        "entender",
        "decifrar",
        "compreender",
        "calcular"
    ],
    "malaise": " mal–estar",
    "maneuver (to)": " manobrar",
    "manifold": [
        "captador e distribuidor",
        "extensão para equipamentos de duas ou mais vias"
    ],
    "matched control": "controle igualado",
    "match (to)": "fazer servir",
    "medical clearance": " liberação médica",
    "medical order": "prescrição médica para paciente hospitalizado",
    "medical prescription": " receita médica para adquirir medicamentos na farmácia ",
    "member": [
        "sócio",
        "membro",
        "associado"
    ],
    "memory impairment": [
        "diminuir a qualidade de memorização",
        "enfraquecer a memória",
        "danos de memória"
    ],
    "mesh": "malha",
    "microarray (study)": [
        "um estudo de disposição",
        "formação",
        "arranjo",
        "ordem",
        "conjunto",
        "aparato"
    ],
    "minutiae": " minúcias",
    "misconceptions": [
        "uma noção falsa",
        "uma falta de compreensão"
    ],
    "mismatch": [
        "união inadequada ou imper feita",
        "acasalamento impróprio"
    ],
    "mitral cleft": "fenda da válvula mitral",
    "moist": [
        "umidade",
        "que contém líquido",
        "molhado"
    ],
    "moreover": [
        "além do mais",
        "além de que",
        "aliás"
    ],
    "mouthwash": " líquido para gargarejo",
    "naive patient": "paciente virgem de tratamento",
    "nape": "nuca",
    "napkin ring – calcification": "argola de guardanapo, que é um tipo de calcificação causada pelo estreitamento similar a uma argola de um guardanapo",
    "stenosis": "argola de guardanapo, que é um tipo de calcificação causada pelo estreitamento similar a uma argola de um guardanapo",
    "narrowing (systolic coronary artery narrowing)": [
        "estreitamento",
        "estreitamento da artéria coronariana sistólica"
    ],
    "navel": "umbigo",
    "needle": " agulha",
    "needlestick": "picada de agulha",
    "net": "rede",
    "net weight": "peso líquido",
    "nevertheless": [
        "apesar de",
        "não obs-tante",
        "contudo",
        "todavia"
    ],
    "nil": "nada",
    "nothing": "nada",
    "zero": "zero",
    "non–responders": "não respondentes",
    "nostril": " narina",
    "noteworthy": [
        "notável",
        "digno de nota"
    ],
    "notice (to)": [
        "notar",
        "perceber",
        "observar"
    ],
    "novel targets": [
        "novas metas",
        "novos alvos",
        "inusitados",
        "recente"
    ],
    "numb": [
        "entorpecido",
        "hipoestesia",
        "ficar insensível"
    ],
    "numberless": [
        "inumerável",
        "incontável"
    ],
    "numbness": [
        "insensibilidade",
        "aneste-siado",
        "hipoestesia"
    ],
    "o.d. once a day": "uma vez por dia",
    "odds ratio": [
        "índice de probabilidade",
        "razão de chances"
    ],
    "offspring": [
        "descendentes",
        "prole",
        "cria"
    ],
    "ointment": [
        "unguento",
        "unta similar ao vick vapor rub"
    ],
    "one–size–fits–all": " tamanho único",
    "onset": [
        "início",
        "começo",
        "investida",
        "ataque"
    ],
    "otherwise": [
        "de outra forma",
        "senão"
    ],
    "outcomes": "resultados",
    "outpatient clinics": "clínicas ambu-latoriais",
    "outpatient department": " ambulatório",
    "over reliance": [
        "superintendência",
        "confiança",
        "nexo de dependência",
        "superseguro"
    ],
    "overtly": [
        "abertamente",
        "publicamente",
        "premeditadamente"
    ],
    "overview": "panorama geral",
    "overwhelming": [
        "assoberbante",
        "esma-gador",
        "irresistível",
        "dominante"
    ],
    "ox heart": " coração de boi",
    "p.a.l.s": "pediatric life support",
    "p.f.o. closure": "patent foramen oval closure",
    "p.m.s. – premenstrual stress": "tensão pré-menstrual",
    "pacifier": " chupeta",
    "pain": " dor intermitente de vários graus de severidade, que requer cuidados médicos",
    "paired": "separar–se aos pares",
    "pair (to)": "fazer parelha com",
    "panting": "ofegante",
    "paper": " trabalho científico",
    "parent": [
        "pais",
        "pai e mãe"
    ],
    "pass out (to)": [
        "desmaiar",
        "ficar inconsciente"
    ],
    "patches": " adesivos",
    "pathway (shunt pathway)": [
        "cami-nho",
        "trilha",
        "vereda"
    ],
    "patient rapport": [
        "afinidade",
        "harmo-nia",
        "acordo",
        "afinidade com o paciente"
    ],
    "peer": "peer = olhar com atenção",
    "review (to)": "review = revisar",
    "pericardial knock": [
        "estalido",
        "ruído"
    ],
    "perishable": "perecível",
    "phlegm": [
        "catarro",
        "pigarro"
    ],
    "pinnacle": [
        "pináculo",
        "torre",
        "pico"
    ],
    "pitfall": [
        "armadilha",
        "arapuca",
        "cilada"
    ],
    "pits": " axilas",
    "arm pits": " axilas",
    "pivotal": [
        "essencial",
        "vital",
        "necessário",
        "imperativo",
        "fundamental"
    ],
    "platelet": " plaqueta",
    "poultry": "aves domésticas",
    "practitioners": [
        "aqueles que exercem arte",
        "profissão etc.",
        "profissionais"
    ],
    "prescription": "receita para farmácia",
    "prickling pain": [
        "dor em alfinetada",
        "dor em pontada",
        "formigar",
        "sensação de picada"
    ],
    "prolapse": [
        "prolapso",
        "queda"
    ],
    "promptly": [
        "prontamente",
        "incitar",
        "estimular de maneira rápida"
    ],
    "prone to": "propenso a",
    "puke": "vômito ou vomitar",
    "vomit (to)": "vômito ou vomitar",
    "put on weight (to)": [
        "engordar",
        "ganhar peso"
    ],
    "putative": [
        "suposto",
        "inconclusivo"
    ],
    "q.o.d. 4 times a day": " quatro vezes ao dia",
    "queries": [
        "questões",
        "perguntas"
    ],
    "rale": "estertor",
    "rate": "taxa",
    "dollar rate": "taxa do dólar",
    "interest rate": "taxa de juros",
    "heart rate": "frequência cardíaca",
    "reaping": [
        "algo que ceifa ou cega",
        "que acolhe"
    ],
    "recurrent": [
        "recorrente",
        "que se repete"
    ],
    "reeded": [
        "de som agudo ou fino",
        "qualquer objeto feito de bambu ou junco",
        "flauta acústica"
    ],
    "refer (to)": [
        "referir",
        "atribuir",
        "subme-ter",
        "recomendar",
        "recorrer",
        "consultar"
    ],
    "regain (to)": [
        "reganhar",
        "recuperar"
    ],
    "relatives": "parentes",
    "remnant (lipoprotein)": "rema-nescente",
    "remarkable": [
        "notável",
        "extraordi-nário",
        "incomum"
    ],
    "repair": "conserto",
    "repair (to)": "repa-ração",
    "resemblance (structural)": [
        "similari-dade estrutural",
        "semelhança estrutural"
    ],
    "resemble (to)": [
        "assemelhar–se a",
        "parecer–se com"
    ],
    "resilient": [
        "algo elástico",
        "que tem elasticidade, material que consegue voltar à posição original depois de ser dobrado, esticado ou comprimido",
        "aquele que tem habilidade ou capaci-dade de recuperação de uma doença, um trauma ou uma mudança drástica"
    ],
    "restlessness": "inquietação",
    "retching": [
        "tentativa de vômito",
        "forçar para vomitar"
    ],
    "retreat": "cadência",
    "retreat (to)": "recolhimento",
    "retrieval (screened for)": [
        "esco-lher",
        "selecionar",
        "fazer uma triagem para",
        "recuperação",
        "restauração",
        "reparação",
        "corrigir"
    ],
    "rib cage": " caixa torácica",
    "right or left bundle branch": "fascí-culo do ramo direito ou esquerdo",
    "roll over (to)": "virar–se de um lado para outro",
    "root cause": [
        "raiz",
        "causa",
        "origem",
        "o âmago de uma questão ou problema"
    ],
    "rub (to)": [
        "esfregar",
        "friccionar"
    ],
    "sanatorium": " sanatório",
    "sanitary": "sanitário",
    "scar": "cicatriz",
    "scar tissue": "tecido de cicatriz",
    "scavenger cell": " célula necrófaga",
    "scavenging tube": "tubo de limpeza",
    "screen": [
        "tela",
        "filtrar",
        "triagem"
    ],
    "screen failure": " falha de triagem",
    "screening": "triagem",
    "screen (to)": "prova de exclusão",
    "scroll down": [
        "códice",
        "rolo",
        "lista",
        "rol",
        "passar por uma lista",
        "passar item por item de um rol"
    ],
    "scrub nurse": "instrumentadora",
    "scrutiny": [
        "a investigação profunda sobre um assunto",
        "exame minucioso"
    ],
    "seek (to)": [
        "buscar",
        "procurar"
    ],
    "seesaw (murmur)": "sopro contínuo",
    "seizures": "crises",
    "seminar": "seminário de estudo",
    "seminary": " estabelecimento eclesiástico",
    "serendipity": " a faculdade de fazer descobertas importantes e valiosas de maneira inesperada ou por acaso",
    "setting": [
        "montagem",
        "cenário",
        "estritira",
        "armação",
        "enrijecimento",
        "endurecimento"
    ],
    "settle (to)": [
        "acomodar",
        "instalar (assentar pó ou sedimento)",
        "acalmar",
        "arranjar",
        "resolver"
    ],
    "shaggy": [
        "rugoso",
        "desalinhado",
        "ema-ranhado",
        "áspero"
    ],
    "shallowness": "raso",
    "shallow": "inconsistente",
    "shear stress": "stresse de cisa-lhamento",
    "sheath": [
        "bainha",
        "estojo",
        "revesti-mento",
        "forro (enviar uma espada ou punhal)",
        "invólucro"
    ],
    "shield": [
        "escudo",
        "proteção",
        "blindagem",
        "servir de proteção"
    ],
    "shins": "canela",
    "shrink (to)": " encolher",
    "shortage": [
        "diminuição",
        "deficiência",
        "escassez",
        "déficit"
    ],
    "shrinkage": " encolhimento",
    "shunt": "uma conexão ou passagem de fluxo sanguíneo que vaza por uma fenda",
    "shunt leak": "uma conexão ou passagem de fluxo sanguíneo que vaza por uma fenda",
    "shuttle test": " teste rápido",
    "sigh (to)": " suspirar",
    "skin rash": " erupção na pele ",
    "skull (brain box)": "crânio (caixa cerebral)",
    "sleuth (to)": [
        "investigar",
        "detetive",
        "fazer–se de detetive"
    ],
    "slope": [
        "elevação",
        "calombo"
    ],
    "smear (peripheral blood smear)": [
        "mancha",
        "nódoa",
        "matéria na lâmina de microscópio",
        "lambuzar",
        "besuntar",
        "manchar"
    ],
    "sneeze (to)": " espirrar",
    "snore (to)": "roncar",
    "sore": [
        "dolorido",
        "em caso de ferida aberta: úlceras, aftas, cortes etc."
    ],
    "speak with a lisp": "pessoa que fala com a língua presa",
    "speech": "discurso",
    "lecture": "palestra",
    "spew": "vômito",
    "spew (to)": "vomitar",
    "spinal cord": [
        "cordão espinhal",
        "espinha dorsal"
    ],
    "spleen": "baço",
    "spoiled": " estragado (mimado)",
    "spring": [
        "mola",
        "primavera",
        "nascente de água"
    ],
    "spurious – blood pressure variability causes spurious identification": "espúrio – algo que é igual na aparência, mas diferente em função e estrutura ",
    "sputum": "catarro ",
    "squatting (position)": [
        "acocoramento",
        "agachamento"
    ],
    "squeeze (to)": [
        "espremer",
        "apertar",
        "comprimir",
        "extrair à força",
        "extorquir",
        "apertão",
        "compressão"
    ],
    "stackdeck": [
        "montão",
        "pilha",
        "empilhar"
    ],
    "staph infection": " infecção hospitalar",
    "staggering": [
        "cambaleio",
        "dispor em ziguezague"
    ],
    "staining": [
        "nódoa",
        "mancha",
        "corante",
        "pigmento"
    ],
    "starch": [
        "amido",
        "fécula",
        "goma",
        "ali-mentos ricos em amido"
    ],
    "stark": [
        "rígido",
        "cru",
        "marcante",
        "com-pleto (por exemplo, stark madness = loucura total)"
    ],
    "state–of–the–art": "estado da arte: a síntese dos conhecimentos sobre um determinado assunto até o presente",
    "steady state": [
        "estável",
        "condição estável"
    ],
    "steerable guidewire": [
        "fio guia",
        "que se esterça",
        "flexível"
    ],
    "stem": [
        "caule",
        "cabo",
        "tronco"
    ],
    "stem cells": "células–tronco",
    "stent": "dr. charles stent – cirur-gião dentista inglês que inventou o dispositivo",
    "stepwise fashion": [
        "modo de conduta",
        "estilo de conduta"
    ],
    "stiff": [
        "duro",
        "rijo"
    ],
    "stiffness": "rigidez",
    "stifled": [
        "sufocado",
        "asfixiado",
        "repri-mido"
    ],
    "stitches": "pontos de cirurgia ou costura",
    "stools": "fezes",
    "strain": [
        "distensão",
        "puxão",
        "tensão",
        "esforço violento",
        "torcedura",
        "também coar ou peneirar"
    ],
    "strands": " filamentos",
    "strayed": [
        "isolado",
        "ocasional",
        "desen-caminhado",
        "perdido",
        "extraviado"
    ],
    "strengthen (to)": "reforçar",
    "strength": "força",
    "strong": "forte",
    "stress": [
        "estresse – tensão, pressão",
        "acentuar",
        "dar ênfase"
    ],
    "stretch (to)": "alongar-se",
    "stretcher": "maca",
    "striking": [
        "notável",
        "extraordinário",
        "formidável"
    ],
    "string": [
        "fio",
        "cordão"
    ],
    "stripe": "listra",
    "stroke": " derrame cerebral",
    "stroke volume": "volume sistólico",
    "struggle (to)": [
        "lutar",
        "combater"
    ],
    "stubborn": [
        "teimoso",
        "obstinado"
    ],
    "stutter": [
        "gaguice",
        "gaguejar"
    ],
    "stutter (to)": " gaguejar",
    "stutterer": "gago",
    "subpoena": [
        "citação",
        "intimação"
    ],
    "suffer (to)": " sofrer – dor física ou moral",
    "support": [
        "apoio",
        "colaboração"
    ],
    "surgical suite": " centro cirúrgico",
    "surrogate endpoints result": " resul-tados secundários",
    "surrogate points": " desfechos subs-titutivos",
    "surveillance": [
        "vigilância",
        "fiscalização"
    ],
    "survey": " pesquisa de opinião",
    "swallow (to)": " engolir",
    "sweating": " sudorese",
    "switch (to)": [
        "trocar",
        "inverter"
    ],
    "swollen": "inchado",
    "syringe": "seringa",
    "systolic thrill": " frêmito sistólico",
    "t.i.d. – three times a day": "três vezes por dia",
    "t.o.d. – twice a day": " duas vezes ao dia",
    "tag": [
        "etiqueta",
        "rótulo"
    ],
    "tailoring": "alinhamento",
    "tapering vessel": [
        "vaso ou ducto que se estreita",
        "redução gradual",
        "afilamento"
    ],
    "tb": "tuberculose",
    "consumption": "tuberculose",
    "tuberculosis": "tuberculose",
    "tear": " lágrima",
    "tear (to)": " rasgar",
    "tenting": " angulação",
    "the next of kin": " o parente mais próximo",
    "thereby": [
        "de tal modo",
        "assim",
        "com isso"
    ],
    "thicken (to)": "engrossar",
    "thickening": "engrossamento",
    "thigh": " coxa",
    "thin (to)": "afinar",
    "thinning": "afi-namento",
    "threat": "ameaça",
    "threshold": [
        "limiar",
        "entrada ou começo"
    ],
    "throbbing": "palpitação",
    "palpitation": "palpitação",
    "throughout": [
        "através de todo",
        "through – através"
    ],
    "throw up (to)": "vomitar",
    "thrush": "sapinho ou afta",
    "thumb": " polegar",
    "ties (financial ties)": [
        "laços finan-ceiros",
        "ligações financeiras"
    ],
    "tingling": "formigamento",
    "to be good at something": "ser bom em algo",
    "to land the stent": [
        "assentar",
        "colocar o stent"
    ],
    "to take place": [
        "acontecer",
        "ocorrer",
        "realizar–se"
    ],
    "toes": [
        "artelhos",
        "dedos dos pés"
    ],
    "tonsils": " amígdalas",
    "tool": "ferramenta",
    "toward": "em direção a",
    "treadmill": "esteira para exercícios físicos",
    "trigger (triggering mechanism)": [
        "gatilho",
        "detonador"
    ],
    "turn over (to)": "virar–se de um lado para outro",
    "tweezers (optical tweezers)": " pinças",
    "unannounced visits": " visitas ines-peradas",
    "unaware": "não estar ciente",
    "unblinded": [
        "sem ocultação",
        "às claras"
    ],
    "undergo a surgery (to)": " sofrer uma cirurgia",
    "undernourished": " sub-nutrido",
    "underfed": " sub-nutrido",
    "undertake (to)": [
        "assumir cargo",
        "pro-meter fazer se for possível",
        "prometer",
        "assumir",
        "tentar"
    ],
    "undoubtedly": [
        "sem dúvida alguma",
        "indubitavelmente"
    ],
    "unfathomable": [
        "incomensurável",
        "impe netrável",
        "insondável"
    ],
    "up sloping": "curva ascendente",
    "down sloping (segment)": "curva descendente",
    "ushered": [
        "conduzido",
        "acompanhado",
        "anunciado",
        "lugar indicado"
    ],
    "utility room": "sala de coleta de mate-rial para exame",
    "valve debris": [
        "detritos de válvula",
        "depósito"
    ],
    "ventricular bypass pump": " bomba de bypass",
    "ward": " enfermaria ou ala de hospital",
    "warn (to)": [
        "advertir",
        "chamar a atenção para"
    ],
    "waveform": "forma ondulada",
    "wedge": "calço",
    "wedge (to)": "cunha",
    "wellbeing": " bem–estar",
    "whereby": [
        "por meio dos quais",
        "pelo qual"
    ],
    "white coat hypertension": [
        "sín-drome do avental branco",
        "coat – paletó",
        "casaco"
    ],
    "whizzing": [
        "chiadeira",
        "zunido"
    ],
    "whooping cough": [
        "coqueluche",
        "tosse comprida"
    ],
    "wide–ranging (effects)": "ampla margem",
    "widespread": [
        "amplamente espalhado",
        "largamente espalhado"
    ],
    "widen (to)": "alargar",
    "width": "largura",
    "wide": "largo",
    "wing": "ala",
    "wit": [
        "faculdades mentais",
        "senso",
        "juízo",
        "sagacidade",
        "compreensão"
    ],
    "withdrawal": " retirada",
    "withstand (to)": [
        "suportar",
        "aguentar",
        "resistir a",
        "opor–se a"
    ],
    "womb": "ventre",
    "uterus": "útero",
    "workload": "carga de trabalho ",
    "worthy": [
        "que vale a pena",
        "de valor",
        "valioso",
        "merecedor",
        "meritório",
        "digno",
        "ilustre",
        "honrado"
    ],
    "wound": [
        "ferida",
        "ferimento"
    ],
    "writ": [
        "mandado",
        "ordenado"
    ]
}