{
    "1ª": "1st",
    "2ª": "2nd",
    "3ª": "3rd",
    "4ª": "4th",
    "bulha": "sound",
    "à esquerda": "counterclockwise",
    "ao contrário dos ponteiros do relógio": "counterclockwise",
    "sentido antihorário": "counterclockwise",
    "a faculdade de fazer descobertas importantes e valiosas de maneira inesperada ou por acaso": "serendipity",
    "a investigação profunda sobre um assunto": "scrutiny",
    "exame minucioso": "scrutiny",
    "a.c.l.s": "advanced cardiovascular life support",
    "a.e.d": "automated external defibrillator",
    "abertamente": "overtly",
    "publicamente": "overtly",
    "premedita damente": "overtly",
    "abordagem": "approach",
    "uma aproximação": "approach",
    "aproximar–se": "approach",
    "abrangente": "comprehensive",
    "extensivo": "comprehensive",
    "que engloba": "comprehensive",
    "acocoramento": " squat-ting (position)",
    "agachamento": " squat-ting (position)",
    "acomodar": "settle (to)",
    "instalar (assentar pó ou sedimento)": "settle (to)",
    "acalmar": "settle (to)",
    "arranjar": "settle (to)",
    "resolver": "settle (to)",
    "acontecer": "to take place",
    "ocorrer": "to take place",
    "realizar–se": "to take place",
    "adesivos": " patches",
    "advertir": "warn (to)",
    "chamar a atenção para": "warn (to)",
    "afferent": "aferente ",
    "afinar": "thin (to)",
    "afinamento": "thinning",
    "afinidade": " patient rapport",
    "harmonia": " patient rapport",
    "acordo": " patient rapport",
    "afinidade com o paciente": " patient rapport",
    "afrouxadamente": "loosely",
    "agulha": "needle",
    "agulha de buraco largo": "large bore needle",
    "ala": "wing",
    "alargar": "widen (to)",
    "largura": "width",
    "largo": "wide",
    "aleijado": "crippled",
    "além do mais": "moreover",
    "além de que": "moreover",
    "aliás": "moreover",
    "algo elástico": "resilient",
    "que tem elasticidade, material que consegue voltar à posição original depois de ser dobrado, esticado ou comprimido": "resilient",
    "aquele que tem habilidade ou capacidade de recuperação de uma doença, um trauma ou uma mudança drástica": "resilient",
    "algo que ceifa ou cega": "reaping",
    "que acolhe": "reaping",
    "alimentação introduzida por meio de sondas": " gavage",
    "alimentação enteral": " gavage",
    "alinhamento": "tailoring",
    "alongarse": "stretch (to)",
    "ambulatório": "outpatient department",
    "ameaça": "threat",
    "amido": "starch",
    "fécula": "starch",
    "goma": "starch",
    "alimentos ricos em amido": "starch",
    "amígdalas": " tonsils",
    "ampla margem": " wide–ranging (effects)",
    "amplamente": "broadly",
    "amplo": "broad",
    "mais amplo": "broader",
    "amplamente espalhado": "widespread",
    "largamente espalhado": "widespread",
    "anestesiar": "anaesthetize (to)",
    "anestesista (tomar cuidado, o final não é sist.); é igual a cientista": "anesthetist",
    "angulação": "tenting",
    "ano bissexto": " leap year",
    "ansiedade": "anxiety",
    "apesar de": "nevertheless",
    "não obstante": "nevertheless",
    "contudo": "nevertheless",
    "todavia": "nevertheless",
    "apoio": "mainstay",
    "colaboração": " support",
    "aqueles que exercem arte": "practitioners",
    "profissão etc.": "practitioners",
    "profissionais": "practitioners",
    "aqui contido": " herein",
    "anexo": " herein",
    "incluso": " herein",
    "aquilo que é posto ou aplicado": "input",
    "intervir": "input (to)",
    "argola de guardanapo, que é um tipo de calcificação causada pelo estreitamento similar a uma argola de um guardanapo": [
        "napkin ring – calcifi-cation",
        "stenosis"
    ],
    "armação": "setting",
    "moldura": "framework",
    "armadilha": " pitfall",
    "arapuca": " pitfall",
    "cilada": " pitfall",
    "arrotar": "belch (to)",
    "arroto": "belching",
    "artelhos": " toes",
    "dedos dos pés": " toes",
    "assemelharse a": "resemble (to)",
    "parecerse com": "resemble (to)",
    "assentar": " to land the stent",
    "colocar o stent": " to land the stent",
    "assoberbante": "overwhelming",
    "esmagador": "overwhelming",
    "irresistível": "overwhelming",
    "dominante": "overwhelming",
    "assumir cargo": "undertake (to)",
    "prometer fazer se for possível": "undertake (to)",
    "prometer": "undertake (to)",
    "assumir": "undertake (to)",
    "tentar": "undertake (to)",
    "assunto": " issue",
    "fascículo de revista": " issue",
    "emitir um bilhete": " issue",
    "atraso": " delay",
    "movimento vagaroso": " delay",
    "adiar": " delay",
    "deter temporariamente": " delay",
    "através": "through",
    "através de todo": "throughout",
    "aumentar a altura (elevar)": "heighten (to)",
    "altura": "height",
    "alto": "high",
    "aumento": " enhancement",
    "intensificação": " enhancement",
    "crescimento (um toque a mais)": " enhancement",
    "aumento de tamanho ou de capacidade": "enlargement",
    "engrandecer": "(to enlarge)",
    "auxiliar": "ancillary",
    "subserviente": "ancillary",
    "subsidiário": "ancillary",
    "subordinado": "ancillary",
    "avaliação": " assessment",
    "averiguar": "ascertain",
    "verificar": " look into (to)",
    "determinar": "ascertain",
    "avaliar": "ascertain",
    "avermelhar (fluxo)": " flush (to)",
    "aves domésticas": "poultry",
    "aviso": " caveat",
    "advertência": " caveat",
    "coisas importantes": " caveat",
    "um alerta": " caveat",
    "precaução": " caveat",
    "axilas": [
        "pits",
        "armpits"
    ],
    "azia": " heartburn",
    "pirose": " heartburn",
    "b.l.s": " basic life support ",
    "baço": " spleen",
    "bainha": " sheath",
    "estojo": " sheath",
    "revestimento": "coating",
    "forro (enviar uma espada ou punhal)": " sheath",
    "banco de sangue": "blood bank",
    "bemestar": " wellbeing",
    "bexiga": " bladder",
    "bolsa de manguito": " bladder",
    "biótipos": "biovars",
    "blindado": "armored",
    "bobina": "coil",
    "serpentina": "coil",
    "rolo": "scroll down",
    "espiral": "coil",
    "caracol": "coil",
    "bomba de bypass": " ventricular bypass pump",
    "botão ou arco aórtico": "aortic knob",
    "“knob” em conversação significa maçaneta": "aortic knob",
    "buscar": "seek (to)",
    "procurar": "seek (to)",
    "c.a.f.e.": "conduit artery function evaluation",
    "c.p.r.": "cardiopulmonary resuscitation ",
    "cabo liberador": "delivery cable",
    "cadáver": " corpse",
    "cadência": "retreat",
    "recolhimento": "retreat (to)",
    "caixa torácica": "rib cage",
    "calcanhar": " heel",
    "calço": "wedge",
    "cunha": "wedge (to)",
    "camada": " layer",
    "cambaleio": "staggering",
    "dispor em ziguezague": "staggering",
    "caminho": "pathway (shunt pathway)",
    "trilha": "pathway (shunt pathway)",
    "vereda": "pathway (shunt pathway)",
    "canela": "shins",
    "cápsulas": "capsules",
    "pílulas (geralmente revestidas)": "pills",
    "comprimidos (que podem ser divididos em duas ou quatro partes)": "tablets",
    "captador e distribuidor": "manifold",
    "extensão para equipamentos de duas ou mais vias": "manifold",
    "cardioversão": "countershock",
    "carga de trabalho": "workload",
    "carregador e bainha": "loader and sheath",
    "carregar": "convey (to)",
    "transportar": "convey (to)",
    "transmitir": "convey (to)",
    "comunicar": "convey (to)",
    "transferir propriedade": "convey (to)",
    "carvão": "coal",
    "casos não publicados": " anecdote  ",
    "não divulgados": " anecdote  ",
    "segredos ou particularidades da história ou biografia": " anecdote  ",
    "catarro": " phlegm",
    "pigarro": " phlegm",
    "cateter de ponta espiral": "coil-tipped catheter",
    "caule": "stem",
    "cabo": "stem",
    "tronco": "stem",
    "causa": "root cause",
    "raiz": "root cause",
    "origem": "root cause",
    "o âmago de uma questão ou problema": "root cause",
    "cegueira": "dullness",
    "que não ressoa": "dullness",
    "sem ressonância": "dullness",
    "obscuro": "dullness",
    "chato": "dullness",
    "célula necrófaga": "scavenger cell",
    "células espumosas": " foam cells",
    "célulastronco": "stem cells",
    "centro cirúrgico": " surgical suite",
    "cepa": "strain",
    "deformação": "strain",
    "distensão": "strain",
    "esforço excessivo": "strain",
    "chiadeira": "whizzing",
    "zunido": "whizzing",
    "chupeta": " pacifier",
    "cicatriz": "scar",
    "cicatrização": "healing",
    "cílios": " eyelashes",
    "circunstante": "bystander",
    "curioso": "bystander",
    "espectador": "bystander",
    "cirurgião dentista inglês que inventou o dispositivo": "stent – dr. charles stent",
    "citação": "subpoena",
    "intimação": "subpoena",
    "claudicação": " claudication (claudi-cant limb)",
    "climatério": "climacteric",
    "clínicas ambulatoriais": "outpatient clinics",
    "coágulo, crosta que se forma sobre sangue coagulado": "buff",
    "cobaia": "guinea pig",
    "coceira": " itching",
    "códice": "scroll down",
    "lista": "scroll down",
    "rol": "scroll down",
    "passar por uma lista": "scroll down",
    "passar item por item de um rol": "scroll down",
    "coeficiente de inteligência (q.i.)": "intelligence quotient (i.q.)",
    "concebível": "conceivable",
    "conceptível": "conceivable",
    "imaginável": "conceivable",
    "compreensível": "conceivable",
    "conduta": "fashion",
    "maneira": "fashion",
    "forma": "fashion",
    "feitio (moda)": "fashion",
    "conduzido": "ushered",
    "acompanhado": "ushered",
    "anunciado": "ushered",
    "lugar indicado": "ushered",
    "conferir (dar)": "bestow (to)",
    "agraciar (conceder)": "bestow (to)",
    "confidencialidade (desvendar)": "dis-closures",
    "conjectura": " a surmise (a conjecture – suspicion) (to assume on small evidence)  ",
    "suposição": " a surmise (a conjecture – suspicion) (to assume on small evidence)  ",
    "consanguíneo": "akin",
    "aparentado": "akin",
    "consanguinidade": "  kinship  ",
    "parentesco": "  kinship  ",
    "conserto": "repair",
    "reparação": " retrieval (screened for)",
    "constrangimento": "constraint",
    "restrição": "constraint",
    "coação": "constraint",
    "coerção": "constraint",
    "repressão": "constraint",
    "consulta médica com hora marcada (na conversação é um compromisso marcado)": "appointment",
    "contagotas": "dropper",
    "contrações doloridas": "cramps",
    "câimbras": "cramps",
    "contrapor": "countervail (to)",
    "contrabalançar": "countervail (to)",
    "equivaler": "countervail (to)",
    "contrarregulatório": " counter regu-latory",
    "controle igualado": "matched control",
    "fazer servir": "match (to)",
    "contusão": "bruise",
    "coqueluche": "whoop-ing cough",
    "tosse comprida": "whoop-ing cough",
    "coração de boi": " ox heart",
    "cordão espinhal": "spinal cord",
    "espinha dorsal": "spinal cord",
    "correndo risco": "jeopardized (por exemplo: jeopar-dized myocardium)",
    "alto risco": "high risk",
    "risco normal ou possível": "optimal risk",
    "coxa": "thigh",
    "crânio (caixa cerebral)": "skull (brain box)",
    "crises": " seizures",
    "cuidar": "look after (to)",
    "tomar conta": "look after (to)",
    "curativo": "dressing",
    "curva ascendente": "up sloping",
    "curva descendente": "down slop-ing (segment)",
    "curvarse": "lean forward (to)",
    "curvarse para frente": "lean forward (to)",
    "cúspide coronariana": "coronary cusp",
    "folheto": "coronary cusp",
    "válvula": "coronary cusp",
    "da mesma forma ou maneira": "likewise",
    "daqui por diante": "hereafter",
    "doravante": "hereafter",
    "futuro": "hereafter",
    "dar informações": "feedback mechanism",
    "manter informado": "feedback mechanism",
    "alimentar com informações (retroinformação)": "feedback mechanism",
    "dar um tapa com as mãos abertas": "cuff (cuffed hypertension) (aortic cuff = balão)",
    "punho de camisa": "cuff (cuffed hypertension) (aortic cuff = balão)",
    "parte do tecido que vai ao redor do braço num esfigmomanômetro (manguito)": "cuff (cuffed hypertension) (aortic cuff = balão)",
    "darse ao luxo": "afford (to)",
    "ter recursos": "afford (to)",
    "de outra forma": "otherwise",
    "senão": "otherwise",
    "de som agudo ou fino": " reeded",
    "qualquer objeto feito de bambu ou junco": " reeded",
    "flauta acústica": " reeded",
    "de tal modo": "b.p. dipping",
    "assim": "b.p. dipping",
    "com isso – therebydescenso fisiológico da pressão arterial durante o sono": "b.p. dipping",
    "decifrar": " make out (to)",
    "entender": " make out (to)",
    "calcular": " make out (to)",
    "dedo da mão": "finger",
    "deitar de bruços": "lie on your tummy",
    "estômago": "tummy",
    "deitarse": " lie down (to)",
    "dengue ou febre do quebraossos": "dengue fever or breakbone fever",
    "derrame cerebral": "stroke",
    "desbotando": "fading",
    "esmorecendo": "fade (to)",
    "descartável": "disposable",
    "descendentes": " offspring",
    "prole": " offspring",
    "cria": " offspring",
    "desfechos substitutivos": " surrogate points",
    "desgraça": " distress",
    "infortúnio": " distress",
    "revés": " distress",
    "aflição": " distress",
    "dor": " distress",
    "pena": " distress",
    "sofrimento": " distress",
    "angústia": " distress",
    "desistindo": " giving up",
    "largando": " giving up",
    "desmaiar": "pass out (to)",
    "ficar inconsciente": "pass out (to)",
    "desmaio": " faint",
    "desordem física ou mental, especialmente uma doença leve": " ailment",
    "desordem, desarranjo": " disarray",
    "fora de disposição": " disarray",
    "fora de conjunto": " disarray",
    "destacado": " highlighted",
    "destaques": "hallmarks",
    "deteriorado": "impaired",
    "piorado": "impaired",
    "depreciado": "impaired",
    "debilitado": "impaired",
    "detetive": " sleuth (to)",
    "investigar": " sleuth (to)",
    "fazerse de detetive": " sleuth (to)",
    "detritos de válvula": "valve debris",
    "depósito": "valve debris",
    "devido a": " accruing  ",
    "dia sim, dia não": " e.o.d. every other day",
    "diminuição": "shortage",
    "deficiência": "shortage",
    "escassez": "shortage",
    "déficit": "shortage",
    "diminuir a qualidade de memorização": "memory impairment",
    "enfraquecer a memória": "memory impairment",
    "danos de memória": "memory impairment",
    "diodo de emissão de luz": " l.e.d. – light emitting diode",
    "discurso": "speech",
    "palestra": "lecture",
    "dispensar": "discharge",
    "liberar de obrigação": "dismissal (to)",
    "dispositivo": "device",
    "instrumento": "device",
    "algo construído com um “design”": "device",
    "disposto em pares": "paired",
    "separarse aos pares": "pair (to)",
    "puxão": "strain",
    "tensão": "strain",
    "esforço violento": "strain",
    "torcedura": "strain",
    "também coar ou peneirar": "strain",
    "distraído": "absent-minded  ",
    "desatento": "absent-minded  ",
    "doador": "donor",
    "dobrar seus joelhos": " bend your knees (to)",
    "dolorido": " sore",
    "em caso de ferida aberta: úlceras, aftas, cortes etc.": " sore",
    "dor – termo para designar casos particulares de dor (dor contínua, que não passa, mas não é severa)": "ache ex.: stomachache, headache",
    "dor localizada": "ache ex.: stomachache, headache",
    "dor em alfinetada": "prickling pain",
    "dor em pontada": "prickling pain",
    "formigar": "prickling pain",
    "sensação de picada": "prickling pain",
    "dor intermitente de vários graus de severidade, que requer cuidados médicos": " pain",
    "dor nas pernas – nervo ciático": "sciatica – pain in the legs",
    "dose de reforço": "booster dose",
    "droga": "drug",
    "medicamento": "drug",
    "remédio": "drug",
    "duas vezes ao dia – t.o.d.": " twice a day",
    "duro": "stiff",
    "rijo": "stiff",
    "é um fole, mas pode ser também um modo figurativo de pulmões": "bellows",
    "efeito em cadeia": "chain effect",
    "efeito dominó": "chain effect",
    "eferente": "efferent",
    "elevação": " slope",
    "calombo": " slope",
    "em direção a": "toward",
    "empresarial": "entrepreneurial",
    "empresário": "entrepreneur",
    "encolher": "shrink (to)",
    "encolhimento": " shrinkage",
    "encompridar": "lengthen (to)",
    "comprimento": "length",
    "comprido": "long",
    "enfermaria ou ala de hospital": " ward",
    "engasgos": " chokes",
    "“to choke” – engasgar": " chokes",
    "afogar": " chokes",
    "engolir": " swallow (to)",
    "engordar": "put on weight (to)",
    "ganhar peso": "put on weight (to)",
    "engrossar": "thicken (to)",
    "engrossamento": "thickening",
    "ensaio literário": " essay",
    "ensaio químico em laboratório": "assay",
    "então": "hence",
    "portanto": "hence",
    "por isso": "hence",
    "compreender": " make out (to)",
    "entorpecido": " numb",
    "hipoestesia": " numbness",
    "ficar insensível": " numb",
    "entorpecimento (por droga ou medicamento)": "drowsiness",
    "tontura": " dizziness",
    "confusão": "drowsiness",
    "entrega ou parto": " delivery",
    "dar à luz": " delivery",
    "entregandose": "giving in",
    "enxerto coronariano": " graft",
    "enxerto na cirurgia plástica": " graft",
    "enxerto botânico": " graft",
    "no financeiro quer dizer “propina”": " graft",
    "enxerto crimpado de malha de poliéster": "knitted polyester crimped graft",
    "epidemia": "breakout",
    "surto": "breakout",
    "erupção na pele": "skin rash",
    "escolher": " retrieval (screened for)",
    "selecionar": " retrieval (screened for)",
    "fazer uma triagem para": " retrieval (screened for)",
    "recuperação": " retrieval (screened for)",
    "restauração": " retrieval (screened for)",
    "corrigir": " retrieval (screened for)",
    "esconder": "conceal (to)",
    "manter em segredo": "conceal (to)",
    "ocultar": "conceal (to)",
    "encobrir": "conceal (to)",
    "escudo": "shield",
    "proteção": "shield",
    "blindagem": "shield",
    "servir de proteção": "shield",
    "esforço": "endeavor",
    "empenho": "endeavor",
    "diligência": "endeavor",
    "esfregar": "rub (to)",
    "friccionar": "rub (to)",
    "espaço vazio entre dois elementos": "gap",
    "lacuna": "gap",
    "espantoso": "astonishing",
    "surpreendente": "astonishing",
    "assombroso": "astonishing",
    "admirável": "astonishing",
    "esparadrapo": "adhesive tape ",
    "rosca": "coil",
    "espirrar": "sneeze (to)",
    "espremer": "squeeze (to)",
    "apertar": "squeeze (to)",
    "comprimir": "squeeze (to)",
    "extrair à força": "squeeze (to)",
    "extorquir": "squeeze (to)",
    "apertão": "squeeze (to)",
    "compressão": "squeeze (to)",
    "espumoso": " frothy",
    "espúrio (algo que é igual na aparência, mas diferente em função e estrutura)": "spurious – blood pressure variability causes spurious iden-tification",
    "essencial": " pivotal",
    "vital": " pivotal",
    "necessário": " pivotal",
    "imperativo": " pivotal",
    "fundamental": " pivotal",
    "estabelecimento eclesiástico": " seminary",
    "estado da arte = a síntese dos conhe cimentos sobre um determinado assunto até o presente": "state-of-the-art",
    "estágio final": "end-stage",
    "estalido": "pericardial knock",
    "grunhido (emitir som gutural)": " diastolic grunt",
    "som inarticulado (que expressa indife rença)": " diastolic grunt",
    "ruído": "pericardial knock",
    "estável": "steady state",
    "condição estável": "steady state",
    "esteio": "mainstay",
    "principal": " fore-most",
    "alicerce": "mainstay",
    "base": "mainstay",
    "esteira para exercícios físicos": "treadmill",
    "estender": " deploy",
    "amplificar": "enlarge (to)",
    "esterno (osso)": " breastbone",
    "estertor": "rale",
    "estragado (mimado)": " spoiled",
    "estreitamento": "narrowing (sys-tolic coronary artery narrowing)",
    "estreitamento da artéria coronariana sistólica": "narrowing (sys-tolic coronary artery narrowing)",
    "estresse – tensão, pressão": " stress",
    "acentuar": " stress",
    "dar ênfase": " stress",
    "etiqueta": "tag",
    "rótulo": "tag",
    "evacuar": "bowel movements",
    "fazer funcionar o intestino": "bowel movements",
    "eventos cardíacos adversos relevantes (maiores)": "m.a.c.e.– major adverse cardiac events",
    "evoluir": "evolve (to)",
    "crescer": "evolve (to)",
    "aumentar": "evolve (to)",
    "exalar": "exhale (to)",
    "exposto a risco": "jeopardized (por exemplo: jeopar-dized myocardium)",
    "faculdades mentais": " wit",
    "senso": " wit",
    "juízo": " wit",
    "sagacidade": " wit",
    "compreensão": " wit",
    "faixas etárias": "age strata ",
    "falha de triagem": " screen failure",
    "fardo": " burden",
    "uma carga pesada": " burden",
    "um peso opressivo": " burden",
    "um problema": " burden",
    "em música é o refrão (fio da meada)": " burden",
    "fascículo do ramo direito ou esquerdo": "right or left bundle branch",
    "febre do feno": "hay fever",
    "febre tifoide": [
        "abdominal fever",
        "typhoid fever"
    ],
    "fechamento do apêndice atrial esquerdo": "laa closure – left atrial appendage closure",
    "fenda da válvula mitral": " mitral cleft",
    "ferida": " wound",
    "ferimento": " wound",
    "ferimento de superfície": "flesh wound",
    "ferramenta": "tool",
    "fezes": "feces",
    "filamentos": " strands",
    "fio": "string",
    "cordão": "string",
    "fio guia": "steerable guidewire",
    "que se esterça": "steerable guidewire",
    "flexível": "steerable guidewire",
    "fisionomia": "countenance",
    "expressão facial": "countenance",
    "semblante": "countenance",
    "feições": "countenance",
    "compostura": "countenance",
    "fissura": " cleft",
    "fresa": " cleft",
    "partido ou dividido": " cleft",
    "separado": " cleft",
    "flatos": "farting",
    "gases intestinais, é também usado para todos os gases inflamáveis": "flatus",
    "fluídos": "fluids",
    "soro": "fluids",
    "fôlego": "breath",
    "“bad breath” – mau hálito": "breath",
    "folheto (folheto da válvula aórtica)": "leaflet (aortic valve leaflet)",
    "forma ondulada": "waveform",
    "formação": "microarray (study)",
    "colocação frontal": "stent deployment",
    "formigamento": " tingling",
    "formol": " formaldehyde",
    "frêmito diastólico": "diastolic thrill",
    "frêmito sistólico": "systolic thrill",
    "frieira": " athletes’ foot",
    "fumante que acende um cigarro no outro": "chain smoker",
    "gaguejar": " stutter",
    "gago": "stutterer",
    "gaguice": " stutter",
    "gasto de energia": "expenditure (energy)",
    "gatilho": "trigger (trig-gering mechanism)",
    "detonador": "trigger (trig-gering mechanism)",
    "gengiva": "“chewing gum” – gum",
    "chiclete": "“chewing gum” – gum",
    "goma de mascar": "“chewing gum” – gum",
    "globo ocular": "eyeball",
    "grupo de cruzamento": " crossover group",
    "hereditário (herdar)": [
        "inherited",
        "inherit (to)"
    ],
    "icterícia": "jaundice",
    "idosos": " eldery",
    "imagem por ressonância magnética": "m.r.i. – magnetic resonance imaging",
    "implantar": " deploy",
    "desenrolar": " deploy",
    "abrir": " deploy",
    "impressão digital": "finger print",
    "impulso simpático central": "central sympathetic drive",
    "inalar": "inhale (to)",
    "inatividade das fezes": " constipation (não é um congestionamento nasal – resfriado é “cold”)",
    "prisão de ventre": " constipation (não é um congestionamento nasal – resfriado é “cold”)",
    "inchado": " swollen",
    "incomensurável": "unfathomable",
    "impenetrável": "unfathomable",
    "insondável": "unfathomable",
    "incompetência": "disability",
    "falta de habilidade física ou mental": "disability",
    "índice de probabilidade": " odds ratio",
    "razão de chances": " odds ratio",
    "inédito": "de novo",
    "inusitado": "de novo",
    "infecção hospitalar": " staff infection",
    "início": "onset",
    "começo": "onset",
    "investida": "onset",
    "ataque": "onset",
    "inquietação": "restlessness",
    "inscrição": " enrollment",
    "registro": " enrollment",
    "matrícula": " enrollment",
    "alistamento": " enrollment",
    "insensibilidade": " numbness",
    "anestesiado": " numbness",
    "instalações": "facilities",
    "instrumentadora": " scrub nurse",
    "interrompido": " discon-tinued",
    "descontinuado": " discon-tinued",
    "intoxicação alimentar": "food poisoning",
    "inumerável": " numberless",
    "incontável": " numberless",
    "inundação": "flood-ing (alveolar flooding)",
    "derrame alveolar": "flood-ing (alveolar flooding)",
    "inversamente": " conversely",
    "de maneira contrária": " conversely",
    "de modo oposto": " conversely",
    "isolado": " strayed",
    "ocasional": " strayed",
    "desencaminhado": " strayed",
    "perdido": " strayed",
    "extraviado": " strayed",
    "jejum": " fasting",
    "abstinência": " fasting",
    "julgar": "deemed",
    "supor": "deem (to)",
    "ma.d.s.": "main across distal side",
    "maca": "litter",
    "leito": "litter",
    "machucado, lesão ou ferimento": "injury",
    "machucarse, ferirse": "to injure",
    "mais distante": "further",
    "mais detalhado": "further",
    "que vai além": "further",
    "malestar": " malaise",
    "malha": " mesh",
    "mancha": "staining",
    "nódoa": "staining",
    "matéria na lâmina de microscópio": "smear (peripheral blood smear)",
    "lambuzar": "smear (peripheral blood smear)",
    "besuntar": "smear (peripheral blood smear)",
    "manchar": "smear (peripheral blood smear)",
    "mandado": "writ",
    "ordenado": "writ",
    "manobra de segurar ou prender o fôlego": "breath maneuver",
    "manobrar": "maneuver (to)",
    "mão fechada": "fist",
    "medicamentos antidepressivos (para pessoas usamos o termo “depressive”)": "antidepressant drugs",
    "meio ambiental": "environmental",
    "meio ambiente": "environmental",
    "meios de cultura": "culture media",
    "membros": "limbs",
    "braços e pernas": "limbs",
    "laços financeiros": " ties (financial ties)",
    "ligações financeiras": " ties (financial ties)",
    "l.a.d.": " left arterial descending",
    "lágrima": "tear",
    "lesão parecida ou similar a uma trança de cabelo": "braid (like lesion)",
    "uma lesão trançada": "braid (like lesion)",
    "liberação médica": "medical clearance",
    "lidar com": "cope with (to)",
    "limiar": " threshold",
    "entrada ou começo": " threshold",
    "líquido para gargarejo": "mouthwash",
    "listra": " stripe",
    "livrarse de": "get rid of (to)",
    "lóbulo": "lobe",
    "lutar": " struggle (to)",
    "batalhar": " struggle",
    "combater": " struggle (to)",
    "luz amplificada por emissão estimulada de radiação": " laser – light amplified by stimulated emission of radiation ",
    "metáfora": "conundrums",
    "enigma": "conundrums",
    "quebracabeças": "conundrums",
    "minúcias – minutiaemodo de conduta": "stepwise fashion",
    "estilo de conduta": "stepwise fashion",
    "mola": "spring",
    "primavera": "spring",
    "nascente de água": "spring",
    "montagem": "setting",
    "cenário": "setting",
    "estrutura": "setting",
    "enrijecimento": "setting",
    "endurecimento": "setting",
    "montão": "stackdeck",
    "pilha": "stackdeck",
    "empilhar": "stackdeck",
    "nada": "nothing",
    "zero": "zero",
    "não estar ciente": "unaware",
    "não respondentes": " non–responders",
    "não significa acidente vascular cerebral, um avc em inglês é um “stroke”": "a.v.c. (aberrant ven-tricular conduction)",
    "narina": "nostril",
    "nível de glicose": "glucose level",
    "nível de hdl": "hdl level",
    "nível de ldl": "ldl level.",
    "não é o substan tivo “dor” e sim, “sentir dor” (verbo)": " hurt (to)",
    "machucar": " hurt (to)",
    "nível": [
        "level (por exemplo: choles terol level",
        "glucose level) – sempre usar “level” em vez de “rate”, pois “rate” significa taxa e “level” signi fica nível"
    ],
    "corante": "staining",
    "pigmento": "staining",
    "notar": "notice (to)",
    "perceber": "notice (to)",
    "observar": "notice (to)",
    "notável": "remarkable",
    "digno de nota": "noteworthy",
    "extraordinário": "remarkable",
    "formidável": "striking",
    "incomum": "remarkable",
    "novas metas": " novel targets",
    "novos alvos": " novel targets",
    "inusitados": " novel targets",
    "recente": " novel targets",
    "novo em folha (algo que nunca foi usado antes)": "brand new",
    "novos pacientes": "acceptance ",
    "acolhimento": "acceptance ",
    "nuca": "nape",
    "o mais importante": " fore-most",
    "o mais rápido possível": "a.s.a.p. (as soon as possible)",
    "o parente mais próximo": "the next of kin",
    "obstrução": "baffle",
    "obstáculo": "baffle",
    "ofegante": " breathless",
    "orçamento": " budget",
    "provisão": " budget",
    "estoque": " budget",
    "orifício de entrada": "intake",
    "consumo": "intake",
    "ingestão": "intake",
    "p.a.l.s.": " pediatric life support",
    "p.f.o. closure": "patent foramen oval closure",
    "paciente virgem de tratamento": "naive patient",
    "padrão favo de mel": "honeycomb pattern",
    "alveoliforme": "honeycomb pattern",
    "esburacado": "honeycomb pattern",
    "corroído": "honeycomb pattern",
    "em forma de alvéolo": "honeycomb pattern",
    "pais": "parent",
    "pai e mãe": "parent",
    "pálpebra": "eyelid",
    "palpitação": [
        "throbbing",
        "palpitation"
    ],
    "panorama geral": "overview",
    "panturrilha": "calf",
    "parada cardíaca": [
        "cardiac standstill",
        "cardiac arrest"
    ],
    "parentes": "relatives",
    "passeio, galeria, corredor, ambulatorial, referese a paciente que pode caminhar": "ambulatory",
    "andar": "ambulatory",
    "pastilha (para tosse etc.)": " lozenge",
    "pedra angular": "cornerstone",
    "peito em forma de barril": " barrel–shaped chest",
    "percepções internas": " insights",
    "perda de consciência": " loss of con-sciousness",
    "perder": "lose (to)",
    "perder peso": "lose weight",
    "perecível": " perishable",
    "pertencendo a": "anecdotal ",
    "caracterizado por ou reple to de histórias ou casos": "anecdotal ",
    "peso bruto": " gross weight",
    "pesquisa de opinião": "survey",
    "pessoa que fala com a língua presa": "speak with a lisp",
    "picada de agulha": " needlestick",
    "pináculo": " pinnacle",
    "torre": " pinnacle",
    "pico": " pinnacle",
    "pinça": [
        "forceps",
        "obstetrical forceps"
    ],
    "pinças": "tweezers (optic tweezers)",
    "pista para diagnóstico": " clue",
    "plaqueta": "platelet",
    "pó": " dust",
    "poeira": " dust",
    "polegar": "thumb",
    "ponta flexível": " floppy tip",
    "pontos de cirurgia ou costura": "stitches",
    "por meio dos quais": "whereby",
    "pelo qual": "whereby",
    "prazo máximo": "deadline",
    "prejudicial": " harmful",
    "daninho": " harmful",
    "prescrição médica para paciente hospitalizado": " medical order",
    "pressão sistólica máxima no exercício": "m.e.s.p. – maximal exercise systolic pressure",
    "probabilidade": "likelihood",
    "profissionais de saúde": " healthcare workers",
    "profundidade": "depth",
    "fundo": "deep",
    "aprofundar": "deepen (to)",
    "prolapso": " prolapse",
    "queda": " prolapse",
    "prontamente": "promptly",
    "incitar": "prompt (to)",
    "propenso a": "prone to",
    "prótese vascular feita de tricô": " knitted vascular prosthesis",
    "quadril": "hip",
    "quadris": "hips",
    "quatro vezes ao dia": " q.o.d. 4 times a day",
    "que vale a pena": " worthy",
    "de valor": " worthy",
    "valioso": " worthy",
    "merecedor": " worthy",
    "meritório": " worthy",
    "digno": " worthy",
    "ilustre": " worthy",
    "honrado": " worthy",
    "quebrar": "breakdown",
    "arriar": "breakdown",
    "esgotamento nervoso": "breakdown",
    "colapso": "breakdown",
    "“a nervous breakdown”": "breakdown",
    "queixarse": "complain (to)",
    "lamentarse": "complain (to)",
    "reclamar": "complain (to)",
    "queixo": "chin",
    "quelação": " chelation",
    "questões": " queries",
    "perguntas": " queries",
    "rasgar": "tear (to)",
    "raso": "shallowness",
    "inconsistente": "shallow",
    "razões de risco": "hazard ratios",
    "relações do perigo": "hazard ratios",
    "realização": "achievement ",
    "conquistas": "achievement ",
    "feitos": "achievement ",
    "receita médica para adquirir medicamentos na farmácia": "medical prescription",
    "receita para farmácia": "prescription",
    "receptor do material doado (por exemplo: o sangue)": "donor acceptor",
    "recorrente": "recurrent",
    "que se repete": "recurrent",
    "recuos": " drawbacks",
    "perda de vantagem": " drawbacks",
    "dar um passo para trás": " drawbacks",
    "rede": "net",
    "peso líquido": "net weight",
    "referir": " refer (to)",
    "atribuir": " refer (to)",
    "submeter": " refer (to)",
    "recomendar": " refer (to)",
    "recorrer": " refer (to)",
    "consultar": " refer (to)",
    "reforçar": "strengthen (to)",
    "força": "strength",
    "forte": "strong",
    "reganhar": "regain (to)",
    "recuperar": "regain (to)",
    "regulação inferior": " down regulation",
    "redução do número de receptores": " down regulation",
    "reivindicar": " claim",
    "alegar": " claim",
    "requerer": " claim",
    "remanescente": "remnant (lipo-protein)",
    "respiração": " breathing",
    "verbo “to breathe”": " breathing",
    "respirar": "breathe (to)",
    "respondentes iniciais": "early responders",
    "prematuros": "early responders",
    "respondentes tardios": "late responders",
    "demorados": "late responders",
    "atrasados": "late responders",
    "resultados": " outcomes",
    "resultados duros": "hard endpoints",
    "desfechos sólidos": "hard endpoints",
    "desfechos consistentes": "hard endpoints",
    "resultados secundários": " surrogate endpoints result",
    "retirada": "withdrawal",
    "retorcido": " kinking",
    "réu": "culprit",
    "culpado": "culprit",
    "acusado": "culprit",
    "criminoso": "culprit",
    "reunião para troca de ideias": " con-ference",
    "revestido": "coated",
    "coberto com uma camada ou demão": "coated",
    "recoberto": "coated",
    "revisar": "peer review (to)",
    "rever": "peer review (to)",
    "olhar com atenção": " look into (to)",
    "revista científica": "journal (não con-fundir com newspaper, que quer dizer jornal de notícias com classificados, anúncios etc.)",
    "rigidez": "stiffness",
    "rígido": "stark (por exemplo, stark madness = loucura total)",
    "cru": "stark (por exemplo, stark madness = loucura total)",
    "marcante": "stark (por exemplo, stark madness = loucura total)",
    "completo": "stark (por exemplo, stark madness = loucura total)",
    "rodear": "encompass (to)",
    "cercar": "encompass (to)",
    "incluir": "encompass (to)",
    "conter": "encompass (to)",
    "abranger": "encompass (to)",
    "roncar": "snore (to)",
    "rótula do joelho": "knee hinge",
    "rouquidão": "hoarseness",
    "rugoso": "shaggy",
    "desalinhado": "shaggy",
    "emaranhado": "shaggy",
    "áspero": "shaggy",
    "ruptura de cápsula fibrosa": "cap rupture",
    "sala de coleta de material para exame": "utility room",
    "sanatório": "sanatorium",
    "sanitário": "sanitary",
    "sangria": "bloodletting",
    "sangue estocado": "bank blood",
    "sapinho ou afta": "thrush",
    "sem dúvida alguma": " undoubtedly",
    "indubitavelmente": " undoubtedly",
    "sem fôlego": " breathless",
    "esbaforido": " breathless",
    "sem vida": " breathless",
    "sem ocultação": "unblinded",
    "às claras": "unblinded",
    "seminário de estudo": " seminar",
    "ser bom em algo": "to be good at something",
    "seringa": "syringe",
    "similaridade estrutural": "resemblance (struc-tural)",
    "semelhança estrutural": "resemblance (struc-tural)",
    "simplesmente": " barely",
    "escassamente": " barely",
    "apenas": " barely",
    "somente": " barely",
    "quase nada": " barely",
    "síndrome do avental branco": "white coat hypertension",
    "paletó": "white coat hypertension",
    "casaco": "white coat hypertension",
    "sobrancelhas": " eyebrows ",
    "sócio": " member",
    "membro": " member",
    "associado": " member",
    "sofrer – dor física ou moral": "suffer (to)",
    "sofrer uma cirurgia": "undergo a surgery (to)",
    "solto": " loose",
    "soluços persistentes": " hiccups (per-sistent hiccups)",
    "sopro contínuo": "seesaw (murmur)",
    "stent híbrido farmacológico": " hybrid drug eluting stent",
    "stresse de cisalhamento": "shear stress",
    "subnutrido": [
        "undernourished",
        "un-derfed"
    ],
    "sudorese": "sweating",
    "sufocado": "stifled",
    "asfixiado": "stifled",
    "reprimido": "stifled",
    "superintendência": "over reliance",
    "confiança": "over reliance",
    "nexo de dependência": "over reliance",
    "superseguro": "over reliance",
    "supervisionar": " overview",
    "suportar": " withstand (to)",
    "aguentar": " withstand (to)",
    "resistir a": " withstand (to)",
    "opor–se a": " withstand (to)",
    "suposto": " putative",
    "inconclusivo": " putative",
    "surdez": " deafness",
    "suspirar": "sigh (to)",
    "tamanho único": "one-size-fits-all",
    "tamponado": "buffered",
    "amortecido": "buffered",
    "taxa": "rate",
    "taxa do dólar": "dollar rate",
    "taxa de juros": "interest rate",
    "frequência cardíaca": "heart rate",
    "tecido de cicatriz": "scar tissue",
    "tecnologia de ponta": "cutting edge technology",
    "teimoso": "stublom",
    "tela": " screen",
    "filtrar": " screen",
    "triagem": "screening",
    "tela de cristal líquido": " l.c.d. – liquid crystal display",
    "tela de fundo": " backdrop",
    "uma montagem como de um evento histórico": " backdrop",
    "temperamento difícil": "ill–tempered",
    "tempo de coagulação": "clotting time",
    "tensão prémenstrual – p.m.s.": "pre–menstrual stress",
    "tentativa de vômito": "retching",
    "forçar para vomitar": "retching",
    "testa": "forehead",
    "teste rápido": "shuttle test",
    "tijolo e argamassa": " brick and mortar",
    "tirar sangue": "draw blood (to)",
    "tonto": " dizzy",
    "confuso": " drowsy",
    "tendo vertigens": " dizzy",
    "confuso (forma coloquial)": " dizzy",
    "tornozelos": " ankles",
    "trabalho científico": " paper",
    "transmissão via sanguínea": " blood-borne",
    "transportado via aérea": "airborne",
    "que se pega pelo ar": "airborne",
    "traseiro": " hinder",
    "três vezes por dia": "t.i.d. – three times a day",
    "prova de exclusão": "screen (to)",
    "trocar": "switch (to)",
    "inverter": "switch (to)",
    "tuberculose": [
        "tb",
        "consumption",
        "tuberculosis"
    ],
    "tubo de limpeza": "scavenging tube",
    "um corte ou uma costura oblíqua à textura do tecido": "bias",
    "inclinação": "bias",
    "imparcialidade": "bias",
    "justo": "bias",
    "na medicina: uma parcialidade": "bias",
    "um estudo de disposição": "microarray (study)",
    "arranjo": "microarray (study)",
    "ordem": "microarray (study)",
    "conjunto": "microarray (study)",
    "aparato": "microarray (study)",
    "um fluxo (de sangue) que causa avermelhamento": " flushing",
    "um lugar onde os medicamentos estão dispostos; especialmente em uma instituição pública onde o serviço é oferecido gratuitamente": " dispensary",
    "um número de objetivos iguais agrupados ou que crescem juntos": "cluster",
    "feixe": "cluster",
    "molho": "cluster",
    "cacho": "cluster",
    "congérie": "cluster",
    "um processo de se modificar um gene por meios químicos": " imprinting (a process of modifying a gene by chemical means)",
    "uma característica": "feature",
    "aspecto": "feature",
    "atuar proeminentemente em uma publicação": "feature",
    "revista etc.": "feature",
    "uma conexão ou passagem de fluxo sanguíneo que vaza por uma fenda": [
        "shunt",
        "shunt leak"
    ],
    "uma noção falsa": " misconceptions",
    "uma falta de compreensão": " misconceptions",
    "uma população mais ampla": " broader population",
    "um número maior": " broader population",
    "uma vez por dia": "o.d. once a day",
    "umbigo": " navel",
    "umidade": " moist",
    "que contém líquido": " moist",
    "molhado": " moist",
    "unguento": "ointment",
    "untasimilar ao vick vapor rub": "ointment",
    "união inadequada ou imperfeita": "mismatch",
    "acasalamento impróprio": "mismatch",
    "urina turva": " cloudy urine",
    "valor de corte": "cutoff value",
    "valor emocional": "emo-tional value",
    "sentimental": "emo-tional value",
    "vaso ou ducto que se estreita": " tapering vessel",
    "redução gradual": " tapering vessel",
    "afilamento": " tapering vessel",
    "ventre": "womb",
    "útero": "uterus",
    "vesícula": " gallbladder",
    "viabilidade": " feasibility",
    "praticabilidade": " feasibility",
    "possi bilidade": " feasibility",
    "algo possível de se praticar (algo viável)": " feasibility",
    "viciado (tóxicos)": " addict ",
    "vigente": " currently",
    "em andamento": " currently",
    "correntemente": " currently",
    "vigilância": "surveillance",
    "fiscalização": "surveillance",
    "vindouro": " forth-coming",
    "próximo (também tem o significado de disponível)": " forth-coming",
    "vir de maneira natural": " accruing  ",
    "incrementado de maneira natural": " accruing  ",
    "proveniente de": " accruing  ",
    "virarse de um lado para o outro": "roll over (to)",
    "virarse de um lado para outro": [
        "turn over (to)",
        "roll over (to)"
    ],
    "virilha": "groin",
    "visitas inesperadas": "unannounced visits",
    "volume sistólico": " stroke volume",
    "vomitar": "spew (to)",
    "vômito": "spew",
    "vômito ou vomitar": [
        "puke",
        "vomit (to)"
    ]
}