{
    "1ª / 2ª/ 3ª / 4ª / Bulha": " 1st / 2nd / 3rd / 4th / SOUND",
    "À esquerda / Ao contrário dos ponteiros do relógio / Sentido antihorário": "COUNTERCLOCKWISE",
    "A faculdade de fazer descobertas importantes e valiosas de maneira inesperada ou por acaso": "SERENDIPITY",
    "A investigação profunda sobre um assunto / Exame minucioso": "SCRUTINY",
    "A.C.L.S": "Advanced Cardiovascular Life Support",
    "A.E.D": "Automated External Defibrillator",
    "Abertamente / Publicamente / Premedita damente ": "OVERTLY",
    "Abordagem / uma aproximação / aproximar–se": "APPROACH",
    "Abrangente / Extensivo / Que engloba": "COMPREHENSIVE",
    "Acocoramento / Agachamento": " SQUAT-TING (POSITION)",
    "Acomodar / Instalar (assentar pó ou sedimento) / Acalmar /Arranjar / Resolver": "SETTLE (TO)",
    "Acontecer / Ocorrer / Realizar–se": "TO TAKE PLACE",
    "Adesivos": " PATCHES",
    "Advertir / Chamar a atenção para": "WARN (TO)",
    "AFFERENT": "Aferente ",
    "Afinar / Afinamento": "THIN (TO) / THINNING",
    "Afinidade / Harmonia / Acordo / Afinidade com o paciente": " PATIENT RAPPORT",
    "Afrouxadamente": "LOOSELY",
    "Agulha": "NEEDLE",
    "Agulha de buraco largo": "LARGE BORE NEEDLE",
    "Ala": "WING",
    "Alargar / Largura / Largo": " WIDEN (TO) / WIDTH / WIDE",
    "Aleijado": "CRIPPLED",
    "Além do mais / Além de que / Aliás": "MOREOVER",
    "Algo elástico / Que tem elasticidade, material que consegue voltar à posição original depois de ser dobrado, esticado ou comprimido / Aquele que tem habilidade ou capacidade de recuperação de uma doença, um trauma ou uma mudança drástica": "RESILIENT",
    "Algo que ceifa ou cega / Que acolhe": "REAPING",
    "Alimentação introduzida por meio de sondas / Alimentação enteral": " GAVAGE",
    "Alinhamento": "TAILORING",
    "Alongarse": "STRETCH (TO)",
    "Ambulatório": "OUTPATIENT DEPARTMENT",
    "Ameaça": "THREAT",
    "Amido / Fécula / Goma / Alimentos ricos em amido": "STARCH",
    "Amígdalas": " TONSILS",
    "Ampla margem": " WIDE–RANGING (EFFECTS)",
    "Amplamente / Amplo / Mais amplo": "BROADLY / BROAD / BROADER",
    "Amplamente espalhado / Largamente espalhado": "WIDESPREAD",
    "Anestesiar": "ANAESTHETIZE (TO)",
    "Anestesista (tomar cuidado, o final não é sist.); é igual a cientista": "ANESTHETIST",
    "Angulação": "TENTING",
    "Ano bissexto": " LEAP YEAR",
    "Ansiedade": "ANXIETY",
    "Apesar de / Não obstante / Contudo / Todavia": "NEVERTHELESS",
    "Apoio / Colaboração": " SUPPORT",
    "Aqueles que exercem arte / profissão etc. / Profissionais": "PRACTITIONERS",
    "Aqui contido / Anexo / Incluso": " HEREIN",
    "Aquilo que é posto ou aplicado / Intervir / Energia que é aplicada a algo": " INPUT / INPUT (TO)",
    "Argola de guardanapo, que é um tipo de calcificação causada pelo estreitamento similar a uma argola de um guardanapo": " NAPKIN RING – CALCIFI-CATION / STENOSIS",
    "Armação / Moldura": "FRAMEWORK",
    "Armadilha / Arapuca / Cilada": " PITFALL",
    "Arrotar / Arroto": "BELCH (TO)/BELCHING",
    "Artelhos / Dedos dos pés": " TOES",
    "Assemelharse a / Parecerse com": "RESEMBLE (TO)",
    "Assentar / Colocar o stent": " TO LAND THE STENT",
    "Assoberbante / Esmagador / Irresistível / Dominante": "OVERWHELMING",
    "Assumir cargo / Prometer fazer se for possível / Prometer /Assumir / Tentar": "UNDERTAKE (TO)",
    "Assunto / Fascículo de revista / Emitir um bilhete": " ISSUE",
    "Atraso / Movimento vagaroso / Adiar / Deter temporariamente": " DELAY",
    "Através": "THROUGH",
    "Através de todo": "THROUGHOUT",
    "Aumentar a altura (elevar) / Altura / Alto": "HEIGHTEN (TO) / HEIGHT / HIGH",
    "Aumento / Intensificação / Crescimento (um toque a mais)": " ENHANCEMENT",
    "Aumento de tamanho ou de capacidade / Engrandecer / (Estender / Amplificar / Incrementar / Aumentar de tamanho)": "ENLARGEMENT / (TO ENLARGE)",
    "Auxiliar / Subserviente / subsidiário / subordinado": "ANCILLARY",
    "Avaliação": " ASSESSMENT",
    "Averiguar / Verificar / Determinar / Avaliar": "ASCERTAIN",
    "Avermelhar (fluxo)": " FLUSH (TO)",
    "Aves domésticas": "POULTRY",
    "Aviso / Advertência / Coisas importantes / Um alerta / Precaução": " CAVEAT",
    "Axilas": "PITS / ARMPITS",
    "Azia / Pirose": " HEARTBURN",
    "B.L.S": " Basic Life Support ",
    "Baço": " SPLEEN",
    "Bainha / Estojo / Revestimento / Forro (enviar uma espada ou punhal)": " SHEATH",
    "Banco de sangue": "BLOOD BANK",
    "Bemestar": " WELLBEING",
    "Bexiga / Bolsa de manguito": " BLADDER",
    "Biótipos": "BIOVARS",
    "Blindado": "ARMORED",
    "Bobina / Serpentina / Rolo / Espiral / Caracol": "COIL",
    "Bomba de Bypass": " VENTRICULAR BYPASS PUMP",
    "Botão ou arco aórtico / “knob” em conversação significa maçaneta": "AORTIC KNOB",
    "Buscar / Procurar": "SEEK (TO)",
    "C.A.F.E.": "Conduit Artery Function Evaluation",
    "C.P.R.": "Cardiopulmonary Resuscitation ",
    "Cabo liberador": "DELIVERY CABLE",
    "Cadáver": " CORPSE",
    "Cadência / Recolhimento / Retirarse / Retroceder": " RETREAT / RETREAT (TO)",
    "Caixa torácica": "RIB CAGE",
    "Calcanhar": " HEEL",
    "Calço / Cunha / Pôr calço / Introduzir à força / Socar": " WEDGE / WEDGE (TO)",
    "Camada": " LAYER",
    "Cambaleio / Dispor em ziguezague": "STAGGERING",
    "Caminho / Trilha / Vereda": "PATHWAY (SHUNT PATHWAY)",
    "Canela": "SHINS",
    "Cápsulas / Pílulas (geralmente revestidas) / Comprimidos (que podem ser divididos em duas ou quatro partes)": "CAPSULES/PILLS/TABLETS",
    "Captador e distribuidor / Extensão para equipamentos de duas ou mais vias": "MANIFOLD",
    "Cardioversão": "COUNTERSHOCK",
    "Carga de trabalho": "WORKLOAD",
    "Carregador e bainha": "LOADER AND SHEATH",
    "Carregar / Transportar / Transmitir / Comunicar / Transferir propriedade": "CONVEY (TO)",
    "Carvão": "COAL",
    "Casos não publicados / Não divulgados / Segredos ou particularidades da história ou biografia": " ANECDOTE  ",
    "Catarro": "SPUTUM",
    "Catarro / Pigarro": " PHLEGM",
    "Cateter de ponta espiral": "COIL-TIPPED CATHETER",
    "Caule / Cabo / Tronco": "STEM",
    "Causa / Raiz / Origem / O âmago de uma questão ou problema": "ROOT CAUSE",
    "Cegueira / Que não ressoa / Sem ressonância / Obscuro / Chato": "DULLNESS",
    "Célula necrófaga": "SCAVENGER CELL",
    "Células espumosas": " FOAM CELLS",
    "Célulastronco": "STEM CELLS",
    "Centro cirúrgico": " SURGICAL SUITE",
    "Cepa / Deformação / Distensão / Esforço excessivo": "STRAIN",
    "Chiadeira / Zunido": "WHIZZING",
    "Chupeta": " PACIFIER",
    "Cicatriz": "SCAR",
    "Cicatrização": "HEALING",
    "Cílios": " EYELASHES",
    "Circunstante / Curioso / Espectador": "BYSTANDER",
    "Cirurgião dentista inglês que inventou o dispositivo": "STENT – DR. CHARLES STENT",
    "Citação / Intimação": "SUBPOENA",
    "Claudicação": " CLAUDICATION (CLAUDI-CANT LIMB)",
    "Climatério": "CLIMACTERIC",
    "Clínicas ambulatoriais": "OUTPATIENT CLINICS",
    "Coágulo, crosta que se forma sobre sangue coagulado": "BUFF",
    "Cobaia": "GUINEA PIG",
    "Coceira": " ITCHING",
    "Códice / Rolo / Lista / Rol / Passar por uma lista / Passar item por item de um rol": "SCROLL DOWN",
    "Coeficiente de Inteligência (Q.I.)": "INTELLIGENCE QUOTIENT (I.Q.)",
    "Concebível / Conceptível / Imaginável / Compreensível": "CONCEIVABLE",
    "Conduta / Maneira / Forma / Feitio (moda)": "FASHION",
    "Conduzido / Acompanhado / Anunciado / Lugar indicado": "USHERED",
    "Conferir (dar) / Agraciar (conceder)": "BESTOW (TO)",
    "Confidencialidade (desvendar)": "DIS-CLOSURES",
    "Conjectura / Suposição": " A SURMISE (A CONJECTURE – SUSPICION) (TO ASSUME ON SMALL EVIDENCE)  ",
    "Consanguíneo / Aparentado": "AKIN",
    "Consanguinidade / Parentesco": "  KINSHIP  ",
    "Conserto / Reparação / Restauração /  Renovar / Remediar": "REPAIR / REPAIR (TO)",
    "Constrangimento / Restrição / Coação / Coerção / Repressão": "CONSTRAINT",
    "Consulta médica com hora marcada (na conversação é um compromisso marcado)": "APPOINTMENT",
    "Contagotas": "DROPPER",
    "Contrações doloridas / Câimbras": "CRAMPS",
    "Contrapor / Contrabalançar / Equivaler": "COUNTERVAIL (TO)",
    "Contrarregulatório": " COUNTER REGU-LATORY",
    "Controle igualado / Fazer servir / Fazer combinar": " MATCHED CONTROL / MATCH (TO)",
    "Contusão": "BRUISE",
    "Coqueluche / Tosse comprida": "WHOOP-ING COUGH",
    "Coração de boi": " OX HEART",
    "Cordão espinhal / Espinha dorsal": "SPINAL CORD",
    "Correndo risco / Alto risco / Risco normal ou possível": " AT RISK / HIGH RISK / OPTIMAL RISK",
    "Coxa": "THIGH",
    "Crânio (caixa cerebral)": "SKULL (BRAIN BOX)",
    "Crises": " SEIZURES",
    "Cuidar / Tomar conta": "LOOK AFTER (TO)",
    "Curativo": "DRESSING",
    "Curva ascendente / Curva descendente": " UP SLOPING / DOWN SLOP-ING (SEGMENT)",
    "Curvarse / Curvarse para frente": "LEAN FORWARD (TO)",
    "Cúspide coronariana / Folheto / Válvula": "CORONARY CUSP",
    "Da mesma forma ou maneira": "LIKEWISE",
    "Daqui por diante / Doravante / Futuro": "HEREAFTER",
    "Dar informações / Manter informado / Alimentar com informações (retroinformação)": "FEEDBACK MECHANISM",
    "Dar um tapa com as mãos abertas / Punho de camisa / Parte do tecido que vai ao redor do braço num esfigmomanômetro (manguito)": "CUFF (CUFFED HYPERTENSION) (AORTIC CUFF = BALÃO)",
    "Darse ao luxo / Ter recursos": "AFFORD (TO)",
    "De outra forma / Senão": "OTHERWISE",
    "De som agudo ou fino / Qualquer objeto feito de bambu ou junco / Flauta acústica": " REEDED",
    "De tal modo / Assim / Com isso – THEREBYDescenso Fisiológico da Pressão Arterial Durante o Sono": "B.P. Dipping",
    "Decifrar / Entender / Calcular": "FIGURE OUT (TO)",
    "Dedo da mão": "FINGER",
    "Deitar de bruços": " LIE ON YOUR STOMACH",
    "Deitar de bruços / Estômago": " LIE ON YOUR TUMMY / TUMMY",
    "Deitarse": " LIE DOWN (TO)",
    "Dengue ou febre do quebraossos": "DENGUE FEVER OR BREAKBONE FEVER",
    "Derrame cerebral": "STROKE",
    "Desbotando / Esmorecendo / Perder cor / Desaparecer gradualmente": "FADING / FADE (TO)",
    "Descartável": "DISPOSABLE",
    "Descendentes / Prole / Cria": " OFFSPRING",
    "Desfechos substitutivos": " SURROGATE POINTS",
    "Desgraça / Infortúnio / Revés / Aflição / Dor / Pena / Sofrimento / Angústia": " DISTRESS",
    "Desistindo / Largando": " GIVING UP",
    "Desmaiar / Ficar inconsciente": "PASS OUT (TO)",
    "Desmaio": " FAINT",
    "Desordem física ou mental, especialmente uma doença leve": " AILMENT",
    "Desordem, desarranjo / Fora de disposição / Fora de conjunto": " DISARRAY",
    "Destacado": " HIGHLIGHTED",
    "Destaques": "HALLMARKS",
    "Deteriorado / Piorado / Depreciado / Debilitado": "IMPAIRED",
    "Detetive / Investigar / Fazerse de detetive": " SLEUTH (TO)",
    "Detritos de válvula / Depósito": "VALVE DEBRIS",
    "Devido a": " DUE TO",
    "Dia sim, dia não": " E.O.D. EVERY OTHER DAY",
    "Diminuição / Deficiência / Escassez / Déficit": "SHORTAGE",
    "Diminuir a qualidade de memorização /  Enfraquecer a memória / Danos de memória": "MEMORY IMPAIRMENT",
    "Diodo de emissão de luz": " L.E.D. – LIGHT EMITTING DIODE",
    "Discurso / Palestra": "SPEECH / LECTURE",
    "Dispensar / Liberar de obrigação / Dar alta médica": " DISCHARGE / DISMISSAL (TO)",
    "Dispositivo / Instrumento / Algo construído com um “design”": "DEVICE",
    "Disposto em pares / Separarse aos pares / Fazer parelha com / Estar / Emparelhado/ Unido / Acasalado": "PAIRED/ PAIR (TO)",
    "Distensão / Puxão / Tensão / Esforço violento / Torcedura / Também coar ou peneirar": "STRAIN",
    "Distraído / Desatento": "ABSENT-MINDED  ",
    "Doador": "DONOR",
    "Dobrar seus joelhos": " BEND YOUR KNEES (TO)",
    "Dolorido / Em caso de ferida aberta: úlceras, aftas, cortes etc.": " SORE",
    "Dor – Termo para designar casos particulares de dor (dor contínua, que não passa, mas não é severa) / Dor localizada": "ACHE ex.: stomachache, headache",
    "Dor em alfinetada / Dor em pontada /  Formigar / Sensação de picada": "PRICKLING PAIN",
    "Dor intermitente de vários graus de severidade, que requer cuidados médicos": " PAIN",
    "Dor nas pernas – Nervo ciático": "SCIATICA – PAIN IN THE LEGS",
    "Dose de reforço": "BOOSTER DOSE",
    "Droga / Medicamento / Remédio": "DRUG",
    "Duas vezes ao dia – T.O.D.": " TWICE A DAY",
    "Duro / Rijo": "STIFF",
    "É um fole, mas pode ser também um modo figurativo de pulmões": "BELLOWS",
    "Efeito em cadeia / Efeito dominó": "CHAIN EFFECT",
    "Eferente": "EFFERENT",
    "Elevação / Calombo": " SLOPE",
    "Em direção a": "TOWARD",
    "Empresarial": "ENTREPRENEURIAL",
    "Empresário": "ENTREPRENEUR",
    "Encolher": "SHRINK (TO)",
    "Encolhimento": " SHRINKAGE",
    "Encompridar / Comprimento / Comprido": "LENGTHEN (TO) / LENGTH / LONG",
    "Enfermaria ou ala de hospital": " WARD",
    "Engasgos / “To choke” – Engasgar / Afogar": " CHOKES",
    "Engolir": " SWALLOW (TO)",
    "Engordar / Ganhar peso": "PUT ON WEIGHT (TO)",
    "Engrossar / Engrossamento": "THICKEN (TO) / THICKENING",
    "Ensaio literário": " ESSAY",
    "Ensaio químico em laboratório": "ASSAY",
    "Então / Portanto / Por isso": "HENCE",
    "Entender / Decifrar / Compreender / Calcular": " MAKE OUT (TO)",
    "Entorpecido / Hipoestesia / Ficar insensível": " NUMB",
    "Entorpecimento (por droga ou medicamento) / Tontura / Confusão": "DROWSINESS",
    "Entrega ou parto / Dar à luz": " DELIVERY",
    "Entregandose": "GIVING IN",
    "Enxerto coronariano / Enxerto na cirurgia plástica / Enxerto botânico / No financeiro quer dizer “propina”": " GRAFT",
    "Enxerto crimpado de malha de poliéster": "KNITTED POLYESTER CRIMPED GRAFT",
    "Epidemia / Surto": "BREAKOUT",
    "Erupção na pele": "SKIN RASH",
    "Escolher / Selecionar / Fazer uma triagem para / Recuperação / Restauração /  Reparação / Corrigir": " RETRIEVAL (SCREENED FOR)",
    "Esconder / Manter em segredo / Ocultar / Encobrir": "CONCEAL (TO)",
    "Escudo / Proteção / Blindagem / Servir de proteção": "SHIELD",
    "Esforço / Empenho / Diligência": "ENDEAVOR",
    "Esfregar / Friccionar": "RUB (TO)",
    "Espaço vazio entre dois elementos / Lacuna": "GAP",
    "Espantoso / Surpreendente / Assombroso / Admirável": "ASTONISHING",
    "Esparadrapo": "ADHESIVE TAPE ",
    "Espiral / Bobina / Serpentina / Rosca": "COIL",
    "Espirrar": "SNEEZE (TO)",
    "Espremer / Apertar / Comprimir / Extrair à força / Extorquir / Apertão / Compressão": "SQUEEZE (TO)",
    "Espumoso": " FROTHY",
    "Espúrio (algo que é igual na aparência, mas diferente em função e estrutura)": "SPURIOUS – BLOOD PRESSURE VARIABILITY CAUSES SPURIOUS IDEN-TIFICATION",
    "Essencial / Vital / Necessário / Imperativo / Fundamental": " PIVOTAL",
    "Estabelecimento eclesiástico": " SEMINARY",
    "Estado da arte = a síntese dos conhe cimentos sobre um determinado assunto até o presente": "STATE-OF-THE-ART",
    "Estágio final": "END-STAGE",
    "Estalido / Grunhido (emitir som gutural) / Som inarticulado (que expressa indife rença) ": " DIASTOLIC GRUNT",
    "Estalido / Ruído": "PERICARDIAL KNOCK",
    "Estável / Condição estável": "STEADY STATE",
    "Esteio / Principal / Alicerce / Base / Apoio": "MAINSTAY",
    "Esteira para exercícios físicos": "TREADMILL",
    "Estender / Amplificar / Incrementar /  Aumentar de tamanho": "ENLARGE-MENT / ENLARGE (TO)",
    "Esterno (osso)": " BREASTBONE",
    "Estertor": "RALE",
    "Estragado (mimado)": " SPOILED",
    "Estreitamento / Estreitamento da artéria coronariana sistólica": "NARROWING (SYS-TOLIC CORONARY ARTERY NARROWING)",
    "Estresse – tensão, pressão / Acentuar / Dar ênfase": " STRESS",
    "Etiqueta / Rótulo": "TAG",
    "Evacuar / Fazer funcionar o intestino": "BOWEL MOVEMENTS",
    "Eventos cardíacos adversos relevantes (maiores)": "M.A.C.E.– MAJOR ADVERSE CARDIAC EVENTS",
    "Evoluir / Crescer / Aumentar": "EVOLVE (TO)",
    "Exalar": "EXHALE (TO)",
    "Exposto a risco / Correndo risco": "JEOPARDIZED (por exemplo: jeopar-dized myocardium)",
    "Faculdades mentais / Senso / Juízo / Sagacidade / Compreensão": " WIT",
    "Faixas etárias": "AGE STRATA ",
    "Falha de triagem": " SCREEN FAILURE",
    "Fardo / Uma carga pesada / Um peso opressivo / Um problema / Em música é o refrão (fio da meada)": " BURDEN",
    "Fascículo do ramo direito ou esquerdo": "RIGHT OR LEFT BUNDLE BRANCH",
    "Febre do feno": "HAY FEVER",
    "Febre tifoide": "ABDOMINAL FEVER / TYPHOID FEVER  ",
    "Fechamento do apêndice atrial esquerdo": "LAA CLOSURE – LEFT ATRIAL APPENDAGE CLOSURE",
    "Fenda da válvula mitral": " MITRAL CLEFT",
    "Ferida / Ferimento": " WOUND",
    "Ferimento de superfície": "FLESH WOUND",
    "Ferramenta": "TOOL",
    "Fezes": "FECES",
    "Filamentos": " STRANDS",
    "Fio / Cordão": "STRING",
    "Fio guia": "GUIDEWIRE",
    "Fio guia / Que se esterça / Flexível": "STEERABLE GUIDEWIRE",
    "Fisionomia / Expressão facial / Semblante /  Feições / Compostura": "COUNTENANCE",
    "Fissura / Fresa / Partido ou dividido / Separado": " CLEFT",
    "Flatos / Gases intestinais, é também usado para todos os gases inflamáveis": "FARTING / FLATUS / GASES",
    "Fluídos / Soro": "FLUIDS",
    "Fôlego / “bad breath” – mau hálito": "BREATH",
    "Folheto (folheto da válvula aórtica)": "LEAFLET (AORTIC VALVE LEAFLET)",
    "Forma ondulada": "WAVEFORM",
    "Formação / Colocação frontal / Colocação estratégica / Posicionamento": "DEPLOY-MENT / STENT DEPLOYMENT",
    "Formigamento": " TINGLING",
    "Formol": " FORMALDEHYDE",
    "Frêmito diastólico": "DIASTOLIC THRILL",
    "Frêmito sistólico": "SYSTOLIC THRILL",
    "Frieira": " ATHLETES’ FOOT",
    "Fumante que acende um cigarro no outro": "CHAIN SMOKER",
    "Gaguejar": "STUTTER (TO)",
    "Gago": "STUTTERER",
    "Gaguice / Gaguejar": " STUTTER",
    "Gasto de energia": "EXPENDITURE (ENERGY)",
    "Gatilho / Detonador": "TRIGGER (TRIG-GERING MECHANISM)",
    "Gengiva / Chiclete / Goma de mascar": "“chewing gum” – GUM",
    "Globo ocular": "EYEBALL",
    "Grupo de Cruzamento": " CROSSOVER GROUP",
    "Hereditário (herdar)": " INHERITED / INHERIT (TO)",
    "Icterícia": "JAUNDICE",
    "Idosos": " ELDERY",
    "Imagem por ressonância magnética": "M.R.I. – MAGNETIC RESONANCE IMAGING",
    "Implantar / Estender / Desenrolar / Abrir": " DEPLOY",
    "Impressão digital": "FINGER PRINT",
    "Impulso Simpático Central": "CENTRAL SYMPATHETIC DRIVE",
    "Inalar": "INHALE (TO)",
    "Inatividade das fezes / Prisão de ventre": " CONSTIPATION (Não é um congestionamento nasal – resfriado é “cold”)",
    "Inchado": " SWOLLEN",
    "Incomensurável / Impenetrável / Insondável": "UNFATHOMABLE",
    "Incompetência / Falta de habilidade física ou mental": "DISABILITY",
    "Índice de probabilidade / Razão de chances": " ODDS RATIO",
    "Inédito / Inusitado": "DE NOVO",
    "Infecção hospitalar": " STAFF INFECTION",
    "Início / Começo / Investida / Ataque": "ONSET",
    "Inquietação": "RESTLESSNESS",
    "Inscrição / Registro / Matrícula / Alistamento": " ENROLLMENT",
    "Insensibilidade / Anestesiado / Hipoestesia": " NUMBNESS",
    "Instalações": "FACILITIES",
    "Instrumentadora": " SCRUB NURSE",
    "Interrompido / Descontinuado": " DISCON-TINUED",
    "Intoxicação alimentar": "FOOD POISONING",
    "Inumerável / Incontável": " NUMBERLESS",
    "Inundação / Derrame alveolar": "FLOOD-ING (ALVEOLAR FLOODING)",
    "Inversamente / De maneira contrária / De modo oposto": " CONVERSELY",
    "Isolado / Ocasional / Desencaminhado / Perdido / Extraviado": " STRAYED",
    "Jejum / Abstinência": " FASTING",
    "Julgar / Supor / Considerar como": "DEEMED / DEEM (TO)",
    "MA.D.S.": "Main Across Distal Side",
    "Maca": "STRETCHER",
    "Maca / Leito": "LITTER",
    "Machucado, lesão ou ferimento / Machucarse, ferirse": " INJURY / TO INJURE",
    "Mais distante / Mais detalhado / Que vai além": "FURTHER",
    "Malestar": " MALAISE",
    "Malha": " MESH",
    "Mancha / Nódoa / Matéria na lâmina de microscópio / Lambuzar / Besuntar / Manchar": "SMEAR (PERIPHERAL BLOOD SMEAR)",
    "Mandado / Ordenado": "WRIT",
    "Manobra de segurar ou prender o fôlego": "BREATH MANEUVER",
    "Manobrar": "MANEUVER (TO)",
    "Mão fechada": "FIST",
    "Medicamentos antidepressivos (para pessoas usamos o termo “depressive”)": "ANTIDEPRESSANT DRUGS",
    "Meio ambiental / Meio ambiente": "ENVIRONMENTAL",
    "Meios de Cultura": "CULTURE MEDIA",
    "Membros / Braços e pernas": "LIMBS",
    "Laços financeiros / Ligações financeiras": " TIES (FINANCIAL TIES)",
    "L.A.D.": " Left Arterial Descending",
    "Lágrima": "TEAR",
    "Lesão parecida ou similar a uma trança de cabelo / Uma lesão trançada": "BRAID (like lesion)",
    "Liberação médica": "MEDICAL CLEARANCE",
    "Lidar com": "COPE WITH (TO)",
    "Limiar / Entrada ou começo": " THRESHOLD",
    "Líquido para gargarejo": "MOUTHWASH",
    "Listra": " STRIPE",
    "Livrarse de": "GET RID OF (TO)",
    "Lóbulo": "LOBE",
    "Lutar / Batalhar / Combater": " STRUGGLE",
    "Lutar / Combater": " STRUGGLE (TO)",
    "Luz amplificada por emissão estimulada de radiação": " LASER – LIGHT AMPLIFIED BY STIMULATED EMISSION OF RADIATION ",
    "Metáfora / Enigma / Quebracabeças": "CONUNDRUMS",
    "Minúcias – MINUTIAEModo de conduta / Estilo de conduta": "STEPWISE FASHION",
    "Mola / Primavera / Nascente de água": "SPRING",
    "Montagem / Cenário / Estrutura / Armação / Enrijecimento / Endurecimento": "SETTING",
    "Montão / Pilha / Empilhar": "STACKDECK",
    "Nada / Nada / Zero": "NIL / NOTHING / ZERO",
    "Não estar ciente": "UNAWARE",
    "Não respondentes": " NON–RESPONDERS",
    "Não significa acidente vascular cerebral, um AVC em inglês é um “stroke”": "A.V.C. (ABERRANT VEN-TRICULAR CONDUCTION)",
    "Narina": "NOSTRIL",
    "Nível de glicose / Nível de HDL / Nível de LDL": " GLUCOSE LEVEL / HDL LEVEL / LDL LEVEL. ",
    "Não é o substan tivo “dor” e sim, “sentir dor” (verbo) / Machucar": " HURT (TO)",
    "Nível": "LEVEL (por exemplo: Choles terol level / Glucose level) – Sempre usar “level” em vez de “rate”, pois “rate” significa taxa e “level” signi fica nível",
    "Nódoa / Mancha / Corante / Pigmento": "STAINING",
    "Notar / Perceber / Observar": "NOTICE (TO)",
    "Notável / Digno de nota": "NOTEWORTHY",
    "Notável / Extraordinário / Formidável": "STRIKING",
    "Notável / Extraordinário / Incomum": "REMARKABLE",
    "Novas metas / Novos alvos / Inusitados / Recente": " NOVEL TARGETS",
    "Novo em folha (algo que nunca foi usado antes)": "BRAND NEW",
    "Novos pacientes / Acolhimento": "ACCEPTANCE ",
    "Nuca": "NAPE",
    "O mais importante / Principal": " FORE-MOST",
    "O mais rápido possível": "A.S.A.P. (AS SOON AS POSSIBLE)",
    "O parente mais próximo": "THE NEXT OF KIN",
    "Obstrução / Obstáculo": "BAFFLE",
    "Ofegante": "PANTING",
    "Orçamento / Provisão / Estoque": " BUDGET",
    "Orifício de entrada / Consumo / Ingestão": "INTAKE",
    "P.A.L.S.": " Pediatric Life Support",
    "P.F.O. CLOSURE": "Patent Foramen Oval Closure",
    "Paciente virgem de tratamento": "NAIVE PATIENT",
    "Padrão favo de mel / Alveoliforme / Esburacado / Corroído / Em forma de alvéolo": "HONEYCOMB PATTERN",
    "Pais / Pai e mãe": "PARENT",
    "Pálpebra": "EYELID",
    "Palpitação": " THROBBING / PALPITATION",
    "Panorama geral": "OVERVIEW",
    "Panturrilha": "CALF",
    "Parada cardíaca": " CARDIAC STANDSTILL / CARDIAC ARREST",
    "Parentes": "RELATIVES",
    "Passeio, galeria, corredor, ambulatorial, referese a paciente que pode caminhar/andar": "AMBULATORY",
    "Pastilha (para tosse etc.)": " LOZENGE",
    "Pedra angular": "CORNERSTONE",
    "Peito em forma de barril": " BARREL–SHAPED CHEST",
    "Percepções internas": " INSIGHTS",
    "Perda de consciência": " LOSS OF CON-SCIOUSNESS",
    "Perder / Perder peso": "LOSE (TO) / LOSE WEIGHT",
    "Perecível": " PERISHABLE",
    "Pertencendo a / Caracterizado por ou reple to de histórias ou casos": "ANECDOTAL ",
    "Peso bruto": " GROSS WEIGHT",
    "Pesquisa de opinião": "SURVEY",
    "Pessoa que fala com a língua presa": "SPEAK WITH A LISP",
    "Picada de agulha": " NEEDLESTICK",
    "Pináculo / Torre / Pico": " PINNACLE",
    "Pinça": " FORCEPS / OBSTETRICAL FORCEPS",
    "Pinças": "TWEEZERS (OPTIC TWEEZERS)",
    "Pista para diagnóstico": " CLUE",
    "Plaqueta": "PLATELET",
    "Pó / Poeira": " DUST",
    "Polegar": "THUMB",
    "Ponta flexível": " FLOPPY TIP",
    "Pontos de cirurgia ou costura": "STITCHES",
    "Por meio dos quais / Pelo qual": "WHEREBY",
    "Prazo máximo": "DEADLINE",
    "Prejudicial / Daninho": " HARMFUL",
    "Prescrição médica para paciente hospitalizado": " MEDICAL ORDER",
    "Pressão sistólica máxima no exercício": "M.E.S.P. – MAXIMAL EXERCISE SYSTOLIC PRESSURE",
    "Probabilidade": "LIKELIHOOD",
    "Profissionais de saúde": " HEALTHCARE WORKERS",
    "Profundidade / Fundo / Aprofundar": "DEPTH / DEEP / DEEPEN (TO)",
    "Prolapso / Queda": " PROLAPSE",
    "Prontamente / Incitar / Estimular de maneira rápida": "PROMPTLY / PROMPT (TO)",
    "Propenso a": "PRONE TO",
    "Prótese vascular feita de tricô": " KNITTED VASCULAR PROSTHESIS",
    "Quadril / Quadris": "HIP / HIPS",
    "Quatro vezes ao dia": " Q.O.D. 4 TIMES A DAY",
    "Que vale a pena / De valor / Valioso / Merecedor / Meritório/ Digno / Ilustre / Honrado": " WORTHY",
    "Quebrar / Arriar / Esgotamento nervoso / Colapso / “a nervous breakdown”": "BREAKDOWN",
    "Queixarse / Lamentarse / Reclamar": "COMPLAIN (TO)",
    "Queixo": "CHIN",
    "Quelação": " CHELATION",
    "Questões / Perguntas": " QUERIES",
    "Rasgar": "TEAR (TO)",
    "Raso / Inconsistente / Inconsistência": "SHALLOWNESS / SHALLOW",
    "Razões de risco / Relações do perigo": "HAZARD RATIOS",
    "Realização / Conquistas / Feitos": "ACHIEVEMENT ",
    "Receita médica para adquirir medicamentos na farmácia": "MEDICAL PRESCRIPTION",
    "Receita para farmácia": "PRESCRIPTION",
    "Receptor do material doado (por exemplo: o sangue)": "DONOR ACCEPTOR",
    "Recorrente / que se repete": "RECURRENT",
    "Recuos / Perda de vantagem / Dar um passo para trás": " DRAWBACKS",
    "Rede / Peso líquido": "NET / NET WEIGHT",
    "Referir / Atribuir / Submeter / Recomendar / Recorrer / Consultar": " REFER (TO)",
    "Reforçar / Força / Forte": " STRENGTHEN (TO) / STRENGTH / STRONG",
    "Reganhar / Recuperar": "REGAIN (TO)",
    "Regulação inferior / Redução do número de receptores": " DOWN REGULATION",
    "Reivindicar / Alegar / Requerer": " CLAIM",
    "Remanescente": "REMNANT (LIPO-PROTEIN)",
    "Respiração / Verbo “to breathe”/ Respirar": " BREATHING",
    "Respirar": "BREATHE (TO)",
    "Respondentes iniciais / prematuros": "EARLY RESPONDERS",
    "Respondentes tardios / Demorados / Atrasados": "LATE RESPONDERS",
    "Resultados": " OUTCOMES",
    "Resultados duros / Desfechos sólidos / Desfechos consistentes": "HARD ENDPOINTS",
    "Resultados secundários": " SURROGATE ENDPOINTS RESULT",
    "Retirada": "WITHDRAWAL",
    "Retorcido": " KINKING",
    "Réu / Culpado / Acusado / Criminoso": "CULPRIT",
    "Reunião para troca de ideias": " CON-FERENCE",
    "Revestido / Coberto com uma camada ou demão / Recoberto": "COATED",
    "Revestimento": "COATING",
    "Revisar / Rever / Olhar com atenção": "PEER REVIEW (TO)",
    "Revista científica": "JOURNAL (Não con-fundir com newspaper, que quer dizer jornal de notícias com classificados, anúncios etc.)",
    "Rigidez": "STIFFNESS",
    "Rígido / Cru / Marcante / Completo": "STARK (por exemplo, Stark madness = loucura total)",
    "Rodear / Cercar / Incluir / Conter / Abranger": "ENCOMPASS (TO)",
    "Roncar": "SNORE (TO)",
    "Rótula do joelho": "KNEE HINGE",
    "Rouquidão": "HOARSENESS",
    "Rugoso / Desalinhado / Emaranhado / Áspero": "SHAGGY",
    "Ruptura de Cápsula Fibrosa": "CAP RUPTURE",
    "Sala de coleta de material para exame": "UTILITY ROOM",
    "Sanatório": "SANATORIUM",
    "Sanitário": "SANITARY",
    "Sangria": "BLOODLETTING",
    "Sangue estocado": "BANK BLOOD",
    "Sapinho ou afta": "THRUSH",
    "Sem dúvida alguma / Indubitavelmente": " UNDOUBTEDLY",
    "Sem fôlego / Esbaforido / Ofegante / Sem vida": " BREATHLESS",
    "Sem ocultação / às claras": "UNBLINDED",
    "Seminário de estudo": " SEMINAR",
    "Ser bom em algo": "TO BE GOOD AT SOMETHING",
    "Seringa": "SYRINGE",
    "Similaridade estrutural / Semelhança estrutural": "RESEMBLANCE (STRUC-TURAL)",
    "Simplesmente / Escassamente / Apenas / Somente / Quase nada": " BARELY",
    "Síndrome do avental branco / paletó / Casaco": "WHITE COAT HYPERTENSION",
    "Sobrancelhas": " EYEBROWS ",
    "Sócio / Membro / Associado": " MEMBER",
    "Sofrer – Dor física ou moral": "SUFFER (TO)",
    "Sofrer uma cirurgia": "UNDERGO A SURGERY (TO)",
    "Solto": " LOOSE",
    "Soluços persistentes": " HICCUPS (PER-SISTENT HICCUPS)",
    "Sopro contínuo": "SEESAW (MURMUR)",
    "Stent Híbrido Farmacológico": " HYBRID DRUG ELUTING STENT",
    "Stresse de cisalhamento": "SHEAR STRESS",
    "Subnutrido": "UNDERNOURISHED / UN-DERFED",
    "Sudorese": "SWEATING",
    "Sufocado / Asfixiado / Reprimido": "STIFLED",
    "Superintendência / Confiança / Nexo de dependência / Superseguro": "OVER RELIANCE",
    "Supervisionar": " OVERVIEW",
    "Suportar / Aguentar / Resistir a / Opor–se a": " WITHSTAND (TO)",
    "Suposto / Inconclusivo": " PUTATIVE",
    "Surdez": " DEAFNESS",
    "Suspirar": "SIGH (TO)",
    "Tamanho único": "ONE-SIZE-FITS-ALL",
    "Tamponado / Amortecido": "BUFFERED",
    "Taxa / Taxa do dólar / Taxa de juros / Frequência cardíaca": "RATE / DOLLAR RATE / INTEREST RATE / HEART RATE",
    "Tecido de cicatriz": "SCAR TISSUE",
    "Tecnologia de ponta": "CUTTING EDGE TECHNOLOGY",
    "Teimoso": "STUBLOM",
    "Tela / Filtrar / Triagem": " SCREEN",
    "Tela de cristal líquido": " L.C.D. – LIQUID CRYSTAL DISPLAY",
    "Tela de fundo / uma montagem como de um evento histórico": " BACKDROP",
    "Temperamento difícil": "ILL–TEMPERED",
    "Tempo de coagulação": "CLOTTING TIME",
    "Tensão prémenstrual – P.M.S.": "PRE–MENSTRUAL STRESS",
    "Tentativa de vômito / Forçar para vomitar": "RETCHING",
    "Testa": "FOREHEAD",
    "Teste rápido": "SHUTTLE TEST",
    "Tijolo e argamassa": " BRICK AND MORTAR",
    "Tirar sangue": "DRAW BLOOD (TO)",
    "Tonto / Confuso": " DROWSY",
    "Tonto / Tendo vertigens / Confuso (forma coloquial)": " DIZZY",
    "Tontura": " DIZZINESS",
    "Tornozelos": " ANKLES",
    "Trabalho científico": " PAPER",
    "Transmissão via sanguínea": " BLOOD-BORNE",
    "Transportado via aérea / Que se pega pelo ar": "AIRBORNE",
    "Traseiro": " HINDER",
    "Três vezes por dia": "T.I.D. – THREE TIMES A DAY",
    "Triagem / Prova de exclusão / Rastrear": "SCREENING / SCREEN (TO)",
    "Trocar / Inverter": "SWITCH (TO)",
    "Tuberculose": " TB / CONSUMPTION / TUBERCULOSIS",
    "Tubo de limpeza": "SCAVENGING TUBE",
    "Um corte ou uma costura oblíqua à textura do tecido / Inclinação / Imparcialidade / Justo / Na medicina: uma parcialidade": "BIAS",
    "Um estudo de disposição / Formação / Arranjo / Ordem / Conjunto / Aparato": "MICROARRAY (STUDY)",
    "Um fluxo (de sangue) que causa avermelhamento": " FLUSHING",
    "Um lugar onde os medicamentos estão dispostos; especialmente em uma instituição pública onde o serviço é oferecido gratuitamente": " DISPENSARY",
    "Um número de objetivos iguais agrupados ou que crescem juntos / Feixe / Molho / Cacho / Congérie": "CLUSTER",
    "Um processo de se modificar um gene por meios químicos": " IMPRINTING (A PROCESS OF MODIFYING A GENE BY CHEMICAL MEANS)",
    "Uma característica / Aspecto / Atuar proeminentemente em uma publicação / Revista etc.": "FEATURE",
    "Uma conexão ou passagem de fluxo sanguíneo que vaza por uma fenda": "SHUNT / SHUNT LEAK",
    "Uma noção falsa / Uma falta de compreensão": " MISCONCEPTIONS",
    "Uma população mais ampla / Um número maior": " BROADER POPULATION",
    "Uma vez por dia": "O.D. ONCE A DAY",
    "Umbigo": " NAVEL",
    "Umidade / Que contém líquido / Molhado": " MOIST",
    "Unguento / Untasimilar ao Vick Vapor Rub": "OINTMENT",
    "União inadequada ou imperfeita / Acasalamento impróprio": "MISMATCH",
    "Urina turva": " CLOUDY URINE",
    "Valor de Corte": "CUTOFF VALUE",
    "Valor emocional / Sentimental": "EMO-TIONAL VALUE",
    "Vaso ou ducto que se estreita / Redução gradual / Afilamento": " TAPERING VESSEL",
    "Ventre / Útero": "WOMB / UTERUS",
    "Verificar / Olhar com atenção": " LOOK INTO (TO)",
    "Vesícula": " GALLBLADDER",
    "Viabilidade / Praticabilidade / Possi bilidade / Algo possível de se praticar (algo viável)": " FEASIBILITY",
    "Viciado (tóxicos)": " ADDICT ",
    "Vigente / Em andamento / Correntemente": " CURRENTLY",
    "Vigilância / Fiscalização": "SURVEILLANCE",
    "Vindouro / Próximo (também tem o significado de disponível)": " FORTH-COMING",
    "Vir de maneira natural / Incrementado de maneira natural / Devido a / Proveniente de": " ACCRUING  ",
    "Virarse de um lado para o outro": "ROLL OVER (TO)",
    "Virarse de um lado para outro": " TURN OVER (TO) / ROLL OVER (TO)",
    "Virilha": "GROIN",
    "Visitas inesperadas": "UNANNOUNCED VISITS",
    "Volume sistólico": " STROKE VOLUME",
    "Vomitar": " THROW UP (TO)",
    "Vômito / Vomitar": "SPEW / SPEW (TO)",
    "Vômito ou vomitar": " PUKE / VOMIT (TO)"
}